word,pronunciation,part_of_speech,meaning_vi,example_en,example_vi,topic,level,image_url,collocations,synonyms,antonyms
basis,/'beisis/,n.,"Nền tảng, cơ sở, căn cứ",The manager didn't have any basis for firing the employee.,Người trưởng phòng không có bất kỳ cơ sở nào cho việc sa thải người nhân viên.,Salaries & Benefits,B1,https://audio.tflat.vn/data/cache/images/300x225/b/a/basis.jpg,,,
benefit,/'benifit/,n.,Lợi ích,The discovery of oil brought many benefits to the country.,Việc phát hiện ra dầu hỏa mang đến nhiều lợi ích cho đất nước đó.,Salaries & Benefits,B1,https://audio.tflat.vn/data/images_example/300x225/t/h/the_discov_ex1_56248d157f8b9a040dc65ecc.jpg,,,
compensate,/'kɔmpenseit/,v.,"Bù, đền bù, bồi thường","If you are injured in a traffic accident, you can be compensated for your losses.","Nếu bạn bị thương trong một tai nạn giao thông, bạn có thể được bồi thường mọi thiệt hại. ",Salaries & Benefits,B1,https://audio.tflat.vn/data/cache/images/300x225/c/o/compensate1.png,,,
delicately,/ˈdelɪkət/,adv.,"‹một cách› tinh vi, tế nhị, lịch thiệp",The manager delicately asked about the health of his client.,Người trưởng phòng tế nhị hỏi thăm sức khỏe khách hàng của anh ta.,Salaries & Benefits,B1,https://audio.tflat.vn/data/cache/images/300x225/d/e/delicately1.jpg,,,
eligible,/ˈɛlɪdʒɪb(ə)l/,adj.,"Thích hợp, đủ tư cách, đủ tiêu chuẩn; có thể chọn được",Who is eligible to become president?,Ai sẽ đủ tiêu chuẩn để trở thành tổng thống?,Salaries & Benefits,B1,https://audio.tflat.vn/data/cache/images/300x225/e/l/eligible2.jpg,,,
flexibly,/ˈfleksəbl/,adv.,"‹một cách› mềm dẻo, linh hoạt, linh động","My manager thinks flexibly, enabling herself to solve many sticky problems.","Trưởng phòng của tôi suy nghĩ linh hoạt, cho phép bà tự giải quyết nhiều vấn đề khó chịu.",Salaries & Benefits,B1,https://audio.tflat.vn/data/cache/images/300x225/f/l/flexibly.jpg,,,
negotiate,/ni'gouʃieit/,v.,"Thương lượng, đàm phán, điều đình",You must know what you want and what you can accept when you negotiate a salary.,Anh phải biết mình muốn gì và mình có thể chấp nhận gì khi thương lượng về lương bổng.,Salaries & Benefits,B1,https://audio.tflat.vn/data/cache/images/300x225/n/e/negotiate1.png,,,
retire,/ri'taiə/,v.,Nghỉ hưu,She was forced to retire early from teaching because of ill health.,Cô bị buộc phải nghỉ hưu sớm trong việc giảng dạy vì lý do sức khỏe.,Salaries & Benefits,B1,https://audio.tflat.vn/data/cache/images/300x225/r/e/retire1.png,,,
vested,/'vestid/,adj.,"Được trao, được ban","The day that Ms. Weng became fully vested in the retirement plan, she gave her two weeks' notice.","Ngày mà bà Weng được trao đầy đủ kế hoạch nghỉ hưu, bà đã nhận thông báo trước 2 tuần.",Salaries & Benefits,B1,https://audio.tflat.vn/data/cache/images/300x225/v/e/vested1.jpg,,,
wage,/weidʤ/,n.,"Tiền công, tiền lương (thường trả theo giờ)",Hourly wages have increase by 20 percent over the last two years.,Tiền công theo giờ đã tăng 20% qua 2 năm vừa rồi.,Salaries & Benefits,B1,https://audio.tflat.vn/data/cache/images/300x225/w/a/wage1.png,,,
be aware of,/bi: ə'weə əv/,v.,"Am hiểu, biết",Are you aware of the new employee's past work history?,Anh có biết về lịch sử làm việc trước đây của người nhân viên mới không?,Salaries & Benefits,B1,https://audio.tflat.vn/data/cache/images/300x225/b/e/be_aware_of.jpg,,,
raise,/reiz/,v.,"Nâng lên, đưa lên",The government plans to raise taxes.,Chính phủ đang có kế hoạch tăng mức thuế.,Salaries & Benefits,B1,https://audio.tflat.vn/data/cache/images/300x225/r/a/raise1.png,,,
apprehensive,"/,æpri'hensiv/",adj.,"Sợ hãi, e sợ; hiểu rõ, cảm thấy rõ, tiếp thu nhanh",The mortgage lender was apprehensive about the company's ability to pay.,Người cho vay thế chấp e ngại về khả năng thanh toán của công ty.,Renting and Leasing,B1,https://audio.tflat.vn/data/cache/images/300x225/a/p/apprehensive2.jpg,,,
circumstance,/'sə:kəmstəns/,n.,"Trường hợp, hoàn cảnh, tình huống","Under the current economic circumstances, they will not be able to purchase the property.","Trong tình cảnh kinh tế hiện tại, họ không có khả năng mua sắm tài sản.",Renting and Leasing,B1,https://audio.tflat.vn/data/cache/images/300x225/c/i/circumstance2.png,,,
condition,/kənˈdɪʃən/,n.,"Điều kiện, tình trạng","Except for some minor repairs, the building is in very good condition.","Trừ một vài tu chữa nhỏ, tòa nhà đang ở trong tình trạng rất tốt.",Renting and Leasing,B1,https://audio.tflat.vn/data/cache/images/300x225/c/o/condition1.png,,,
due to,/djuː tuː/,perp.,"Bởi, vì, do, tại, nhờ có","Due to the low interest rates, good office space is difficult to find.","Vì mức lợi nhuận thấp, địa điểm văn phòng tốt rất khó tìm ra.",Renting and Leasing,B1,https://audio.tflat.vn/data/cache/images/300x225/d/u/due_to1.jpg,,,
fluctuate,/´flʌktʃu¸eit/,v.,"Dao động, thay đổi bất thường",No one is very comfortable making a large investment while the currency values fluctuate almost daily.,Không ai thấy thật yên tâm thực hiện một đầu tư lớn trong khi giá trị tiền tệ dao động như cơm bữa.,Renting and Leasing,B1,https://audio.tflat.vn/data/cache/images/300x225/f/l/fluctuate2.jpg,,,
get out of,/ɡɛt aʊt ɒv/,v.,"Thôi, mất, bỏ, từ bỏ, rời bỏ, tránh né, thoát khỏi",The company wanted to get out of the area before property values declined even further.,Công ty muốn từ bỏ khu vực trước khi giá trị tài sản suy sụp thậm chí còn nhiều hơn nữa.,Renting and Leasing,B1,https://audio.tflat.vn/data/cache/images/300x225/g/e/get_out_of1.jpg,,,
indicator,/'indikeitə/,n.,"Người chỉ, vật chỉ thị","If the economy is an accurate indicator, rental prices will increase rapidly in the next six months.","Nếu nền kinh tế là chỉ báo chính xác, tiền thuê (nhà) sẽ tăng nhanh chóng trong 6 tháng tới.",Renting and Leasing,B1,https://audio.tflat.vn/data/cache/images/300x225/i/n/indicator2.jpg,,,
lease,/li:s/,"n,v.","Khế ước, hợp đồng cho thuê",They decided to lease the property rather than buy it.,Họ đã quyết định đi thuê tài sản thay vì mua nó.,Renting and Leasing,B1,https://audio.tflat.vn/data/cache/images/300x225/l/e/lease1.jpg,,,
lock into,/lɒk ˈɪntʊ/,v.,"Ràng buộc chặt, không thể thay đổi","Before you lock yourself into something, check all your options.","Trước khi bạn tự ràng buộc mình vào cái gì, hãy xem xét mọi chọn lựa của mình.",Renting and Leasing,B1,https://audio.tflat.vn/data/cache/images/300x225/l/o/lock_into1.png,,,
occupy,/'ɔkjupai/,v.,"Chiếm giữ, ở, cư ngụ",Our company has occupied this office for more than five years.,Công ty chúng tôi đã ở văn phòng này hơn 5 năm.,Renting and Leasing,B1,https://audio.tflat.vn/data/cache/images/300x225/o/c/occupy1.jpg,,,
option,/'ɔpʃn/,n.,"Sự chọn lựa, quyền lựa chọn","With the real estate market so tight right now, you don't have that many options.","Với thị trường BĐS khan hiếm đến vậy vào lúc này, anh không có nhiều chọn lựa đến vậy.",Renting and Leasing,B1,https://audio.tflat.vn/data/cache/images/300x225/o/p/option2.jpg,,,
subject to,/ˈsʌbdʒɛkt tuː/,adj.,"Lệ thuộc vào, tùy theo",This contract is subject to all the laws and regulations of the state.,Hợp đồng này tuân thủ mọi luật lệ và nguyên tắc của nhà nước.,Renting and Leasing,B1,https://audio.tflat.vn/data/cache/images/300x225/s/u/subject_to1.jpg,,,
brand,/brænd/,n.,"Nhãn hiệu, nhãn hàng, chi nhánh",All brands of aspirin are the same.,Mọi nhãn hiệu về thuốc giảm đau aspirin là như nhau.,Quality Control,B1,https://audio.tflat.vn/data/cache/images/300x225/b/r/brand2.png,,,
conform,/kən'fɔ:m/,v.,"Làm cho phù hợp, làm cho thích hợp",Our safety standards conform to those established by the government.,Các tiêu chuẩn an toàn của chúng tôi phù hợp với những tiêu chuẩn được thiết lập bởi chính phủ.,Quality Control,B1,https://audio.tflat.vn/data/cache/images/300x225/c/o/conform1.png,,,
defect,/di'fekt/,n.,"Khuyết điểm, sai sót","Because of a defect in cable, the phone was returned.",Vì một lỗi ở dây cáp nên chiếc điện thoại đã được trả lại. ,Quality Control,B1,https://audio.tflat.vn/data/images_example/300x225/b/e/because_of_ex1_580ec40d7f8b9ae2888b4579.jpg,,,
enhance,/in'hɑ:ns/,v.,"Nâng cao, tăng cường",This is an opportunity to enhance the reputation of the company.,Đây là cơ hội để nâng cao danh tiếng của công ty.,Quality Control,B1,https://audio.tflat.vn/data/cache/images/300x225/e/n/enhance2.png,,,
garment,/'gɑ:mənt/,n.,Quần áo,Portland garment factory was established in 2008.,Nhà máy may ở Portland (tiểu bang của Mỹ) đã được thành lập năm 2008.,Quality Control,B1,https://audio.tflat.vn/data/cache/images/300x225/g/a/garment2.png,,,
inspect,/in'spekt/,v.,"Thanh tra, kiểm tra, xem xét kỹ",Children's car seats are thoroughly inspected and tested for safety before being put on the market.,Chổ ngồi trên xe ô-tô của trẻ em được kiểm tra và kiểm nghiệm kỹ lưỡng trước khi có mặt trên thị trường.,Quality Control,B1,https://audio.tflat.vn/data/images_example/300x225/c/h/childrens__ex1_580ec4117f8b9ae2888b457f.png,,,
perceptive,/pə'septiv/,adj.,"Nhận thức được, cảm giác được, cảm thụ được",It takes a perceptive person to be a good manager.,Phải là một người có khả năng cảm nhận mới trở thành một nhà quản lý tốt.,Quality Control,B1,https://audio.tflat.vn/data/cache/images/300x225/p/e/perceptive2.png,,,
repel,/ri'pel/,v.,Làm khó chịu,Faulty products repel repeat customers.,Những sản phẩm lỗi lại gây khó chịu cho khách hàng.,Quality Control,B1,https://audio.tflat.vn/data/cache/images/300x225/r/e/repel2.png,,,
take back,/teɪk bæk/,v.,"Lấy lại, mang trở lại",The quality inspector took the shoddy work back to the assembly line to confront the workers.,Thanh tra chất lượng đem sản phẩm xấu trở lại dây chuyền lắp ráp để đối chất với công nhân.,Quality Control,B1,https://audio.tflat.vn/data/cache/images/300x225/t/a/take_back1.png,,,
throw out,/θrəʊ aʊt/,v.,"Vứt bỏ, đuổi đi",You'll be thrown out if you don't pay the rent.,Bạn sẽ được đuổi ra nếu bạn không trả tiền thuê nhà.,Quality Control,B1,https://audio.tflat.vn/data/cache/images/300x225/t/h/throw_out1.png,,,
uniformly,/ˈjuːnɪfɔːmli/,adv.,"Đồng đều thống nhất, không thay đổi",The principles were applied uniformly across all the departments.,Các nguyên tắc được áp dụng thống nhất trên tất cả các phòng ban.,Quality Control,B1,https://audio.tflat.vn/data/cache/images/300x225/u/n/uniformly2.png,,,
wrinkle,/'riɳkl/,n.,"‹vếp/nếp› nhăn, nhàu",A wrinkle in the finish can be repaired more economically before a sale than after.,Một vết nhăn trong (sản phẩm) hoàn chỉnh thì có thể sửa chữa trước khi bán có giá hơn là sau đó.,Quality Control,B1,https://audio.tflat.vn/data/cache/images/300x225/w/r/wrinkle2.png,,,
health,/hɛlθ/,n.,Sức khỏe,Exhaust fumes are bad for your health.,Khí thải có hại cho sức khỏe của bạn.,Health,B1,https://audio.tflat.vn/data/images_example/300x225/e/x/exhaust_fu_ex2_581c093f7f8b9a24318b45fe.jpg,,,
allow,/ə'lau/,v.,"Cho phép, chấp nhận",My insurance does not allow choosing my own hospital.,Hợp đồng bảo hiểm của tôi không cho lựa chọn bệnh viện theo ý riêng của tôi. ,Health,B1,https://audio.tflat.vn/data/cache/images/300x225/a/l/allow1.jpg,,,
alternative,/ɔ:l'tə:nətiv/,adj.,"Xen kẽ, thay thế, luân phiên",Have you thought of an alternative plan?,Bạn đã nghĩ đến kế hoạch thay thế chưa?,Health,B1,https://audio.tflat.vn/data/cache/images/300x225/a/l/alternative.jpg,,,
aspect,/ˈæspekt/,n.,Khía cạnh,She felt she had looked at the problem from every aspect.,Cô ấy cảm thấy rằng cô ấy đã nhìn nhận vấn đề từ mọi khía cạnh.,Health,B1,https://audio.tflat.vn/data/cache/images/300x225/a/s/aspect1.jpg,,,
concern,/kənˈsɜːn/,n.,"Mối quan tâm, lo lắng","Whenever I have health concerns, I call my doctor.","Hễ khi nào tôi có lo ngại về sức khỏe, tôi gọi cho bác sĩ của mình.",Health,B1,https://audio.tflat.vn/data/images_example/300x225/w/h/whenever_i_ex1_56248cfc7f8b9afa0cb17fd8.jpg,,,
emphasize,/ˈɛmfəˌsaɪz/,v.,"Nhấn mạnh, làm nổi bật",The nurse emphasized the importance of eating a balanced diet.,Người y tá nhấn mạnh tầm quan trọng của việc ăn uống theo chế độ cân bằng.,Health,B1,https://audio.tflat.vn/data/images_example/300x225/t/h/the_nurse__ex1_56248d167f8b9a040dc66284.png,,,
incur,/in'kə:/,v.,"Gánh chịu,bị",I incurred substantial expenses that my health plan does not cover.,Tôi phải gánh những chi phí phát sinh mà dự án chăm sóc sức khỏe của tôi không bao gồm.,Health,B1,https://audio.tflat.vn/data/cache/images/300x225/i/n/incur1.png,,,
personnel,"/,pə:sə'nel/",n.,Nhân viên,The employee went to see the director of personnel about taking an extended leave of absence.,Người nhân viên đi gặp giám đốc nhân sự về việc xin gia hạn thời gian nghỉ phép.,Health,B1,https://audio.tflat.vn/data/cache/images/300x225/p/e/personnel1.png,,,
policy,/'pɔlisi/,n.,"Chính sách, hợp đồng, khế ước",The company's insurance policy did not cover cosmetic surgery.,Chính sách bảo hiểm của công ty không bao gồm phẫu thuật thẩm mỹ.,Health,B1,https://audio.tflat.vn/data/cache/images/300x225/p/o/policy1.png,,,
portion,/'pɔ:ʃn/,n.,"Chia phần, số phận",A portion of my benefits is my health care coverage.,Một phần phúc lợi của tôi là bảo hiểm chăm sóc sức khỏe.,Health,B1,https://audio.tflat.vn/data/cache/images/300x225/p/o/portion1.jpg,,,
regardless,/ri'gɑ:dlis/,adv.,"Không quan tâm, bất chấp","Regardless of the cost, we all need health insurance.","Bất chấp phí tổn, tất cả chúng tôi đều cần bảo hiểm y tế.",Health,B1,https://audio.tflat.vn/data/cache/images/300x225/r/e/regardless1.png,,,
salary,/ˈsæləri/,n.,Lương hàng tháng,The technician was pleased to have a raise in salary after only six months on the job.,Người kỹ thuật viên đã hài lòng khi có sự tăng lương chỉ sau 6 tháng làm việc.,Health,B1,https://audio.tflat.vn/data/cache/images/300x225/s/a/salary1.png,,,
suit,/sju:t/,v.,"Phù hợp với, thích hợp với",I have finally found a health plan that suits my needs.,Rốt cuộc thì tôi đã tìm ra một dự án chăm sóc sức khỏe (mà) phù hợp với nhu cầu của tôi.,Health,B1,https://audio.tflat.vn/data/cache/images/300x225/s/u/suit1.png,,,
affordable,/əˈfɔːdəbəl/,adj.,Có đủ điều kiện tiền bạc,The company's first priority was to find an affordable phone system.,Ưu tiên trước hết của công ty là tìm một hệ thống điện thoại có đủ khả năng (hoạt động).,Office Technology,B1,https://audio.tflat.vn/data/cache/images/300x225/a/f/affordable1.jpg,,,
as needed,/az niːdɪd/,adv.,Lúc cần thiết,The service contract states that repairs will be made on a basis as needed.,Hợp đồng dịch vụ nói rằng việc sửa chữa sẽ được thực hiện dựa trên cơ sở lúc cần thiết.,Office Technology,B1,https://audio.tflat.vn/data/cache/images/300x225/a/s/as_needed2.jpg,,,
be in charge of,/bi: ɪn tʃɑːdʒ əv/,v.,Chịu trách nhiệm về ,He appointed someone to be in charge of maintaining a supply of paper in the fax machine.,Ông ấy chọn người nào đó chịu trách nhiệm duy trì việc cung cấp giấy cho máy fax.,Office Technology,B1,https://audio.tflat.vn/data/cache/images/300x225/b/e/be_in_charge_of1.png,,,
capacity,/kə'pæsiti/,n.,"Sức chứa, dung tích",The new conference room is much larger and has a capacity of one hundred people.,Phòng họp mới thì lớn hơn nhiều (phòng cũ) và có khả năng chứa được một trăm người.,Office Technology,B1,https://audio.tflat.vn/data/images_example/300x225/t/h/the_new_co_ex1_56248d0b7f8b9a000de3cf4d.jpg,,,
durable,/ˈdjʊərəbl/,adj.,"Bền, lâu",These chairs are more durable than the first ones we looked at.,Những cái ghế này bền hơn nhiều những cái ghế đầu tiên mà chúng ta đã thấy.,Office Technology,B1,https://audio.tflat.vn/data/images_example/300x225/t/h/these_chai_ex1_56248d157f8b9a040dc65e1c.jpg,,,
initiative,/i'niʃiətiv/,n.,"Bước khởi đầu, sự khởi xướng",Take the initiative and engage your classmates in friendly conversation.,Hãy khởi xướng và thu hút các bạn cùng lớp tham gia vào một cuộc nói chuyện thân thiện.,Office Technology,B1,https://audio.tflat.vn/data/images_example/300x225/t/a/take_the_i_ex1_56248d127f8b9a020d261a10.jpg,,,
physically,/ˈfɪzɪkli /,adv.,"Về thân thể, thể chất ",The computer screen is making her physically sick.,Màn hình máy tính khiến cho cô ta khó chịu về mặt thể chất.,Office Technology,B1,https://audio.tflat.vn/data/cache/images/300x225/p/h/physically2.jpg,,,
provider,/prəˈvaɪdə(r)/,n.,Nhà cung cấp ,The department was extremely pleased with the service they received from the phone provider.,Bộ phận hết sức hài lòng với dịch vụ mà họ nhận được từ nhà cung cấp dịch vụ điện thoại.,Office Technology,B1,https://audio.tflat.vn/data/cache/images/300x225/p/r/provider1.png,,,
recur,/ri'kə:/,v.,"Tái diễn, lặp đi lặp lại",The managers did not want that particular error to recur.,Các trưởng phòng không muốn những lỗi cá biệt đó lại tái diễn.,Office Technology,B1,https://audio.tflat.vn/data/cache/images/300x225/r/e/recur2.jpg,,,
reduction,/ri'dʌkʃn/,n.,"Sự giảm, thu nhỏ",The outlet store gave a 20 percent reduction in the price of the shelves and bookcases.,Cửa hàng tiêu thụ đã giảm giá 20% với các kệ sách và tủ sách.,Office Technology,B1,https://audio.tflat.vn/data/cache/images/300x225/r/e/reduction1.jpg,,,
stay on top of,/steɪ ɒn tɒp əv/,v.,Nắm bắt tình hình ,"In this industry, you must stay on top of current developments.","Trong ngành công nghiệp này, anh phải nắm bắt được tình hình về các diễn biến hiện tại.",Office Technology,B1,https://audio.tflat.vn/data/cache/images/300x225/s/t/stay_on_top_of2.jpg,,,
stock,/stɒk/,v.,Trữ hàng,The employees stocked the shelves on a weekly basis.,Các nhân viên trữ hàng lên kệ căn cứ theo mỗi tuần.,Office Technology,B1,https://audio.tflat.vn/data/cache/images/300x225/s/t/stock1.png,,,
conduct,/'kɔndəkt/,v.,"Tiến hành, cư xử",Interviews were conducted over a period of three weeks.,Các cuộc phỏng vấn được tổ chức trong suốt giai đoạn kéo dài 3 tuần.,Hiring and Training,B1,https://audio.tflat.vn/data/cache/images/300x225/c/o/conduct1.jpg,,,
generate,/'dʤenəreit/,v.,"Làm ra, tạo ra, phát ra",The new training program generated a lot of interest among employees.,Chương trình huấn luyện mới đã tạo ra nhiều lợi ích cho mỗi nhân viên.,Hiring and Training,B1,https://audio.tflat.vn/data/cache/images/300x225/g/e/generate1.png,,,
hire,/'haiə/,v.,"Thuê, mướn; tiền trả công",She was hired after her third interview.,Cô ta đã được thuê sau lần phỏng vấn thứ ba.,Hiring and Training,B1,https://audio.tflat.vn/data/cache/images/300x225/h/i/hire1.jpg,,,
keep up with,/kiːp ʌp wɪð/,v.,"Theo kịp, bắt kịp, đạt cho bằng được",Employees are encouraged to take courses in order to keep up with new developments.,Nhân viên được khuyến khích tham dự các khóa đào tạo để theo kịp sự phát triển mới.,Hiring and Training,B1,https://audio.tflat.vn/data/cache/images/300x225/k/e/keep_up_with.jpg,,,
look up to,/lʊk ʌp tuː/,v.,"Tôn kính, kính trọng, khâm phục",Staff members look up to the director because he has earned their respect over the years.,Tập thể nhân viên tôn kính người giám đốc vì ông đã được hưởng sự kính trọng của họ suốt những năm qua.,Hiring and Training,B1,https://audio.tflat.vn/data/cache/images/300x225/l/o/look_up_to.jpg,,,
mentor,/'mentɔ:/,n.,Thầy hướng dẫn,She is a friend and mentor to many children.,Cô ấy là một người bạn và người hướng dẫn của nhiều đứa trẻ.,Hiring and Training,B1,https://audio.tflat.vn/data/cache/images/300x225/m/e/mentor1.png,,,
on track,/ɒn trak/,n.,"Theo dõi, đi tìm",They're on track to make record profits,Họ đi tìm cách để tạo ra lợi nhuận đột phá.,Hiring and Training,B1,https://audio.tflat.vn/data/cache/images/300x225/o/n/on_track.jpg,,,
reject,/'ri:dʤekt/,n.,"Đồ thừa, đồ bỏ, phế phẩm",We put the rejects in this box.,Chúng tôi để những phế phẩm vào trong hộp này.,Hiring and Training,B1,https://audio.tflat.vn/data/images_example/300x225/w/e/we_put_the_ex1_56248d157f8b9a040dc65eb8.jpg,,,
set up,/'setʌp/,v.,"Thiết lập, tạo dựng",You should set up a time and place for the meeting and then inform everyone who is involved.,Bạn nên thiết lập một thời gian và địa điểm cho cuộc họp và sau đó thông báo cho tất cả những người có liên quan.,Hiring and Training,B1,https://audio.tflat.vn/data/cache/images/300x225/s/e/set_up.jpg,,,
success,/sək'ses/,n.,"‹sự/người› thành công, thành đạt, thắng lợi",The director's success came after years of hiring the right people at the right time.,Thành công của giám đốc đã đến sau hàng năm trời thuê đúng người vào đúng thời điểm.,Hiring and Training,B1,https://audio.tflat.vn/data/cache/images/300x225/s/u/success1.jpg,,,
training,/'treiniɳ/,n.,"‹sự› rèn luyện, tập luyện, huấn luyện, dạy dỗ, đào tạo","The new hire received such good training that, within a week, she was as productive as the other workers.","Người nhân viên mới nhận được sự huấn luyện tốt đến nỗi, trong vòng một tuần, cô đã có năng suất như là các công nhân khác.",Hiring and Training,B1,https://audio.tflat.vn/data/cache/images/300x225/t/r/training1.png,,,
update,/'ʌpdeit/,v.,Cập nhật,The personnel officer updated the employees on the latest personnel changes.,Thư ký văn phòng cập nhật cho nhân viên biết những thay đổi nhân sự mới nhất.,Hiring and Training,B1,https://audio.tflat.vn/data/cache/images/300x225/u/p/update1.jpg,,,
diversify,/dai'və:sifai/,v.,"Đa dạng hóa, thay đổi",The consultant that we hired recommends that we don't diversify at this time.,Nhà tư vấn mà chúng tôi thuê khuyên rằng chúng tôi không được thay đổi vào lúc này.,Ordering Supplies,B1,https://audio.tflat.vn/data/cache/images/300x225/d/i/diversify1.jpg,,,
enterprise,/'entəpraiz/,n.,"Hãng, công ty, xí nghiệp",The new enterprise quickly established an account with the office supply store.,"Công ty mới thiết lập một cách nhanh chóng bản thanh toán với cửa hàng đồ dùng văn phòng (bàn ghế, văn phòng phẩm, máy fax...).",Ordering Supplies,B1,https://audio.tflat.vn/data/cache/images/300x225/e/n/enterprise1.jpg,,,
essentially,/ɪˈsenʃəli/,adv.,Về cơ bản,"He was, essentially, a teacher, not a manager.",Về cơ bản thì anh ấy như là 1 giáo viên chứ không phải người quản lý.,Ordering Supplies,B1,https://audio.tflat.vn/data/cache/images/300x225/e/s/essentially1.jpg,,,
everyday,/'evridei/,adj.,"Hàng ngày, thường ngày, thông thường",This everyday routine of having to check inventory is boring.,Công việc thường ngày phải kiểm tra hàng tồn kho thì thật chán.,Ordering Supplies,B1,https://audio.tflat.vn/data/cache/images/300x225/e/v/everyday1.jpg,,,
function,/fʌŋkʃn/,n.,"Chức năng, nhiệm vụ",What is the function of this device?,Chức năng của thiết bị này là gì?,Ordering Supplies,B1,https://audio.tflat.vn/data/cache/images/300x225/f/u/function1.png,,,
maintain,/men'tein/,v.,Duy trì,Combining physical activity with a healthy diet is the best way to maintain a healthy body weight.,Kết hợp hoạt động thể chất với chế độ ăn uống lành mạnh là cách tốt nhất để duy trì trọng lượng cơ thể khỏe mạnh.,Ordering Supplies,B1,https://audio.tflat.vn/data/cache/images/300x225/m/a/maintain2.jpg,,,
obtain,/əb'tein/,v.,"Giành được, kiếm được (to acquire)",In the second experiment they obtained a very clear result.,"Ở thí nghiệm thứ hai, họ đạt được kết quả rất rõ ràng.",Ordering Supplies,B1,https://audio.tflat.vn/data/cache/images/300x225/o/b/obtain1.png,,,
prerequisite,/'pri:'rekwizit/,adj.,"(điều/điều kiện) tiên quyết, cần trước hết, đòi hỏi trước hết",Here are the prerequisites that you need to purchase before coming to class.,Đây là những thứ đòi hỏi trước hết mà bạn cần phải sắm trước khi vào lớp học.,Ordering Supplies,B1,https://audio.tflat.vn/data/images_example/300x225/h/e/here_are_t_ex1_580de4687f8b9a84688b459f.jpg,,,
quality,/'kwɔliti/,n.,"Chất lượng, phẩm chất",The quality of their clothes has fallen ever since they started using cheaper fabrics to make them.,Chất lượng quần áo của họ đã bị sa sút kể từ khi họ bắt đầu dùng các loại vải rẻ tiền hơn để làm ra chúng.,Ordering Supplies,B1,https://audio.tflat.vn/data/cache/images/300x225/q/u/quality1.jpg,,,
smooth,/smu:ð/,adj.,"Hòa nhã, lễ độ",Her smooth manner won her the appreciation of the manager but not her colleagues.,"Thái độ hòa nhã của cô ta đã thu được sự đánh giá cao của giám đốc, nhưng không (thu phục) được đồng nghiệp.",Ordering Supplies,B1,https://audio.tflat.vn/data/cache/images/300x225/s/m/smooth1.jpg,,,
source,/sɔ:s/,n.,"Nguồn, nguồn gốc",He got this information from different sources.,Anh ta nhận được thông tin này từ các nguồn khác nhau.,Ordering Supplies,B1,https://audio.tflat.vn/data/images_example/300x225/h/e/he_got_thi_ex1_56248d017f8b9afc0c298321.jpg,,,
stationery,/'steiʃnəri/,n.,Đồ dùng văn phòng (giấy để viết và bao thư),"We do not have enough stationery, so please order some more.","Chúng ta không có đủ giấy và bao thư, vậy hãy đặt hàng thêm một ít nữa.",Ordering Supplies,B1,https://audio.tflat.vn/data/cache/images/300x225/s/t/stationery1.png,,,
marketing,/ˈmɑːkɪtɪŋ/,n.,Ngành tiếp thị,She works in sales and marketing.,Cô ấy bán hàng và tiếp thị.,Marketing,B1,https://audio.tflat.vn/data/cache/images/300x225/m/a/marketing1.jpg,,,
attract,/ə'trækt/,v.,"Hấp dẫn, lôi cuốn, thu hút",The display attracted a number of people at the convention.,Việc trưng bày đã thu hút được một số người tại hội nghị.,Marketing,B1,https://audio.tflat.vn/data/cache/images/300x225/a/t/attract1.png,,,
compare,/kəm'peə/,v.,So sánh,Some parents want to compare their children with others’.,Nhiều bậc cha mẹ thích so sánh con của họ với con của người khác.,Marketing,B1,https://audio.tflat.vn/data/cache/images/300x225/c/o/compare1.png,,,
competition,"/,kɔmpi'tiʃn/",n.,Cuộc thi,Which team do you think will win that tug of war competition?,Bạn nghĩ đội nào sẽ thắng cuộc thi kéo co đó?,Marketing,B1,https://audio.tflat.vn/data/cache/images/300x225/c/o/competition.jpg,,,
consume,/kən'sju:m/,v.,"Tiêu thụ, tiêu dùng",People consume a good deal of sugar in drinks.,Mọi người tiêu dùng một lượng đường lớn trong đồ uống.,Marketing,B1,https://audio.tflat.vn/data/cache/images/300x225/c/o/consume1.png,,,
convince,/kən'vins/,v.,Thuyết phục,He convinced me that he was right.,Anh ấy đã thuyết phục tôi rằng anh ấy đã đúng.,Marketing,B1,https://audio.tflat.vn/data/cache/images/300x225/c/o/convince1.png,,,
currently,/ˈkʌrəntli/,adv.,"Hiện tại, lúc này","Currently, customers are demanding big discounts for bulk orders.","Hiện nay, khách hàng đang đòi hỏi những khoản giảm giá nhiều cho những đơn hàng lớn.",Marketing,B1,https://audio.tflat.vn/data/images_example/300x225/c/u/currently__ex1_56248d0c7f8b9a000de3d039.jpg,,,
fad,/fæd/,n.,Mốt nhất thời ,"The mini dress was a fad once thought to be finished, but now it is making a comeback.","Váy ngắn là mốt tạm thời mỗi khi ý tưởng bị hết, nhưng hiện giờ nó đang quay trở lại.",Marketing,B1,https://audio.tflat.vn/data/cache/images/300x225/f/a/fad1.png,,,
inspiration,"/,inspə'reiʃn/",n.,Cảm hứng,Nature is a source of inspiration for inventors.,Thiên nhiên là nguồn cảm hứng cho các nhà phát minh.,Marketing,B1,https://audio.tflat.vn/data/cache/images/300x225/i/n/inspiration2.jpg,,,
market,/'mɑ:kit/,n.,"Thị trường, chợ, nơi mua bán sản phẩm...",My mother goes to the market every morning.,Mẹ tôi đi vào chợ mỗi buổi sáng.,Marketing,B1,https://audio.tflat.vn/data/cache/images/300x225/m/a/market1.png,,,
persuasion,/pə'sweiʤn/,n.,"Sự thuyết phục, làm cho tin (chú ý: persuade > convince)",The seminar teaches techniques of persuasion to increase sales.,Hội thảo giảng dạy những kỹ thuật thuyết phục để gia tăng doanh số.,Marketing,B1,https://audio.tflat.vn/data/cache/images/300x225/p/e/persuasion1.png,,,
productive,/prəˈdʌktɪv/,adj.,"Có năng suất, hiệu quả ",The managers had a very productive meeting and were able to solve many of the problems.,Người trưởng phòng có một cuộc họp rất hiệu quả và đã có thể làm sáng tỏ nhiều vấn đề.,Marketing,B1,https://audio.tflat.vn/data/cache/images/300x225/p/r/productive1.png,,,
satisfaction,"/,sætis'fækʃn/",n.,"Sự hài lòng, sự thỏa mãn,",Your satisfaction is guaranteed or you'll get your money back.,"Sự hài lòng của bạn được bảo đảm, hoặc là bạn sẽ được nhận lại tiền của mình.",Marketing,B1,https://audio.tflat.vn/data/cache/images/300x225/s/a/satisfaction2.jpg,,,
calculation,"/,kælkju'leiʃn/",n.,"‹sự/kết quả› tính, tính toán; ‹sự› dự tính, trù liệu","According to my calculations, I'll owe less money on my income taxes this year.","Theo tính toán của tôi, tôi sẽ chịu tiền thuế thu nhập ít hơn trong năm nay.",Taxes,B1,https://audio.tflat.vn/data/cache/images/300x225/c/a/calculation.jpg,,,
deadline,/ˈdedlaɪn/,n.,Thời hạn chót,The deadline for paying this years's taxes is just two weeks away.,Hạn chót cho việc nộp thuế cho năm nay chỉ còn cách 2 tuần.,Taxes,B1,https://audio.tflat.vn/data/cache/images/300x225/d/e/deadline1.png,,,
file,/fail/,v.,"Sắp xếp, sắp đặt",to file a claim / complaint / petition / lawsuit (How to File a Lawsuit),nộp đơn yêu cầu / khiếu nại / kiến nghị / kiện (Cách Nộp một vụ kiện),Taxes,B1,https://audio.tflat.vn/data/cache/images/300x225/f/i/file2.png,,,
fill out,/A/,v.,"Hoàn tất, hoàn thành; điền vào (cho đầy đủ)",I usually ask someone to help me fill out my tax form.,Tôi thường đề nghị ai đó giúp tôi điền vào các biểu mẫu thuế cho tôi.,Taxes,B1,https://audio.tflat.vn/data/cache/images/300x225/f/i/fill_out1.jpg,,,
give up,,v.,"Bỏ, từ bỏ, thôi; tạm dừng; đầu hàng",Ms. Gomez is so optimistic that she never wants to give up.,Cô Gomez lạc quan đến nỗi chưa bao giờ muốn bỏ cuộc.,Taxes,B1,https://audio.tflat.vn/data/cache/images/300x225/g/i/give_up1.png,,,
joint,/dʒɔint/,adj.,"Chung, cùng",They were joint owners of the house (= they owned it together).,Họ là chủ sở hữu chung của ngôi nhà (= họ sở hữu nó với nhau).,Taxes,B1,https://audio.tflat.vn/data/cache/images/300x225/j/o/joint1.png,,,
owe,/ou/,v.,"Nợ, mắc nợ, mang ơn",I owe Janet ten pounds.,Tôi nợ Janet 10 bảng.,Taxes,B1,https://audio.tflat.vn/data/cache/images/300x225/o/w/owe1.png,,,
penalty,/'penlti/,n.,Khoản tiền phạt,The penalty for travelling without a ticket is $200.,Hình phạt cho việc đi du lịch mà không có vé là 200 đô.,Taxes,B1,https://audio.tflat.vn/data/cache/images/300x225/p/e/penalty-n1.png,,,
preparation,"/,prepə'reiʃn/",n.,"‹sự› chuẩn bị, sửa soạn",They are making preparations for war.,Họ đang chuẩn bị cho chiến tranh.,Taxes,B1,https://audio.tflat.vn/data/cache/images/300x225/p/r/preparation.jpg,,,
refund,/ri:'fʌnd/,"n, v.",(n) sự trả lại tiền,"With the tax refund, we bought two plane tickets.","Với số thuế được hoàn, chúng tôi đã mua hai vé máy bay.",Taxes,B1,https://audio.tflat.vn/data/cache/images/300x225/r/e/refund2.png,,,
spouse,/spauz/,n.,"Chồng, vợ",My spouse prepares the tax return for both of us.,Vợ/chồng tôi chuẩn bị bản khai báo thuế cho cả hai chúng tôi.,Taxes,B1,https://audio.tflat.vn/data/cache/images/300x225/s/p/spouse2.png,,,
withhold,/wi 'hould/,v.,"Giấu, kìm lại, giữ lại",Do not withhold any information from your accountant or he will not be able to prepare your tax form correctly.,Đừng giấu diếm bất kỳ thông tin nào với người kế toán của bạn kẻo không anh ta không thể chuẩn bị biểu mẫu thuế cho bạn chính xác được.,Taxes,B1,https://audio.tflat.vn/data/cache/images/300x225/w/i/withhold1.png,,,
museum,/mju:'ziːəm/,n.,Viện bảo tàng,We can walk to the museum. It’s not far from here.,"Chúng ta có thể đi bộ tới viện bảo tàng, nó cách đây không xa lắm.",Museums,B1,https://audio.tflat.vn/data/cache/images/300x225/m/u/museums1.jpg,,,
acquire,/ə'kwaiə/,v.,"Đạt được, thu được",He has acquired a good knowledge of English.,Cậu ấy đã đạt được một kiến thức tốt về tiếng Anh.,Museums,B1,https://audio.tflat.vn/data/cache/images/300x225/a/c/acquire1.png,,,
admire,/ədˈmaɪə(r)/,v.,Ngưỡng mộ,What she did makes me admire her greatly.,Những gì cô ấy làm khiến tôi rất ngưỡng mộ cô ấy.,Museums,B1,https://audio.tflat.vn/data/cache/images/300x225/a/d/admire1.png,,,
collection,/kəˈlekʃn/,n.,"Sự sưu tầm, bộ sưu tập",He won the fashion award for the best collection.,Ông ấy đã giành giải thưởng thời trang cho bộ sưu tập tốt nhất.,Museums,B1,https://audio.tflat.vn/data/cache/images/300x225/c/o/collection1.png,,,
criticism,/'kritisizm/,n.,"Sự phê bình, chỉ trích",The revered artist's criticism of the piece was particularly insightful.,Lời phê bình về tác phẩm của một họa sĩ được kính trọng là đặc biệt sâu sắc.,Museums,B1,https://audio.tflat.vn/data/cache/images/300x225/c/r/criticism1.png,,,
express,/iks'pres/,v.,"Biểu lộ, diễn đạt",The photograph expresses a range of emotions.,Bức ảnh biểu lộ đủ loại cảm xúc.,Museums,B1,https://audio.tflat.vn/data/cache/images/300x225/e/x/express-v1.jpg,,,
fashion,/ˈfæʃn/,adj.,"Thời trang, mốt",The museum's classical architecture has never gone out of fashion.,Kiến trúc cổ điển của viện bảo tàng không bao giờ lỗi thời.,Museums,B1,https://audio.tflat.vn/data/cache/images/300x225/f/a/fashion1.png,,,
leisure,/ˈliːʒər/,n.,Thời gian nhàn rỗi,We can go to the permanent collection at our leisure.,Chúng tôi có thể đi góp nhặt/sưu tập thường xuyên vào lúc chúng tôi rảnh rỗi.,Museums,B1,https://audio.tflat.vn/data/cache/images/300x225/l/e/leisure1.png,,,
respond,/rɪˈspɒnd/,v.,"Hồi âm, phúc đáp",How did they respond to the news?,Họ phản ứng lại với tin tức đó như thế nào?,Museums,B1,https://audio.tflat.vn/data/cache/images/300x225/r/e/respond1.jpg,,,
schedule,/ˈskedʒuːl/,n.,"Chương trình, lịch trình",The TV schedules are filled with interesting films.,Lịch trình trên TV toàn là những phim hấp dẫn.,Museums,B1,https://audio.tflat.vn/data/cache/images/300x225/s/c/schedule1.png,,,
significant,/sig'nifikənt/,adj.,"Có tầm quan trọng, đáng kể",There has been a significant increase in the number of women students in recent years.,Số lượng sinh viên nữ đã tăng đáng kể trong những năm gần đây.,Museums,B1,https://audio.tflat.vn/data/cache/images/300x225/s/i/significant1.png,,,
specialize,/ˈspɛʃəˌlaɪz/,v.,"Chuyên môn hóa, chuyên về",He specialized in criminal law.,Anh ấy chuyên về pháp luật hình sự.,Museums,B1,https://audio.tflat.vn/data/cache/images/300x225/s/p/specialize1.jpg,,,
spectrum,/'spektrəm/,n.,Sự phân bổ theo tính chất,Red and violet are at opposite ends of the spectrum.,Màu đỏ và tím được phân bổ ở hai đầu của quang phổ. ,Museums,B1,https://audio.tflat.vn/data/cache/images/300x225/s/p/spectrum1.png,,,
busy,/ˈbɪzi/,adj.,Bận rộn,I’m very busy now.,Hiện tôi rất bận.,Car Rentals,B1,https://audio.tflat.vn/data/cache/images/300x225/b/u/busy1.png,,,
coincide,"/,kouin'said/",v.,Trùng hợp,"My cousin's wedding coincided with a holiday weekend, so it was a perfect time to rent a car and go for a drive.","Đám cưới của người anh/em bà con của tôi trùng với kỳ nghỉ lễ cuối tuần, vậy nó là một dịp lý tưởng để thuê ô-tô và đi chơi bằng xe.",Car Rentals,B1,https://audio.tflat.vn/data/cache/images/300x225/c/o/coincide1.png,,,
confusion,/kən'fju:ʤn/,n.,"Sự bối rối, sự nhầm lẫn","To avoid any confusion about renting the car, Yolanda asked her travel agent to make the arrangements on her behalf.","Để tránh bất kỳ nhầm lẫn nào trong việc thuê xe, Yolanda đã yêu cầu người đại lý du lịch thực hiện dàn xếp thay mặt cho cô ấy.",Car Rentals,B1,https://audio.tflat.vn/data/cache/images/300x225/c/o/confusion1.png,,,
contact,/ˈkɒntækt/,v.,"Tiếp xúc, liên hệ",Manuel contacted at least a dozen car rental agencies to get the best deal.,Manuel đã tiếp xúc với ít nhất một tá đại lý đại lý cho thuê xe để được giao dịch tốt nhất.,Car Rentals,B1,https://audio.tflat.vn/data/cache/images/300x225/c/o/contact1.png,,,
disappoint,"/,disə'pɔint/",v.,Làm thất vọng,Leila was disappointed to discover that no rental cars were available the weekend she wished to travel.,Leila thất vọng khi phát hiện ra rằng không có xe thuê vào dịp cuối tuần mà cô muốn đi du lịch.,Car Rentals,B1,https://audio.tflat.vn/data/cache/images/300x225/d/i/disappoint1.png,,,
intend,/in'tend/,v.,"Có ý định, có mục đích",Do you intend to return the car to this location or to another location?,Anh định quay xe về chỗ này hay là chạy đến chỗ khác?,Car Rentals,B1,https://audio.tflat.vn/data/cache/images/300x225/i/n/intend1.jpg,,,
license,/'laisəns/,n.,"Giấy phép, chứng chỉ, bằng",A driver's license allows you to operate a motor vehicle legally.,Giấy phép lái xe hạng A cho phép bạn lái xe mô tô một cách hợp pháp.,Car Rentals,B1,https://audio.tflat.vn/data/cache/images/300x225/l/i/license1.jpg,,,
nervously,/ˈnɜːvəsli/,adj.,"Bồn chồn, lo lắng","As we approached the city Lonnie started driving nervously, so I volunteered to drive that part of the trip.","Lúc mà chúng tôi đến thành phố thì Lonnie bắt đầu lái xe rất căng thẳng, vì vậy tôi tình nguyện lái đoạn đường đó của cuộc hành trình.",Car Rentals,B1,https://audio.tflat.vn/data/cache/images/300x225/n/e/nervously1.png,,,
optional,/ˈɒpʃ(ə)n(ə)l/,adj.,"Tùy ý lựa chọn, không bắt buộc",This exercise is optional; you don't have to do it.,Bài tập này là tùy chọn; bạn không cần phải làm điều đó.,Car Rentals,B1,https://audio.tflat.vn/data/cache/images/300x225/o/p/optional1.jpg,,,
tempt,/tempt/,v.,"Xúi giục, cám dỗ",I am tempted by the idea of driving across the country instead of flying.,Tôi bị cám dỗ bởi ý tưởng lái xe xuyên qua đất nước thay vì đi máy bay.,Car Rentals,B1,https://audio.tflat.vn/data/cache/images/300x225/t/e/tempt1.png,,,
thrill,/θril/,n.,"Sự rùng rợn, ly kỳ, sự hưng phấn","Just taking a vacation is thrill enough, even if we are driving instead of flying.","Hãy thực hiện một kỳ nghỉ có đủ sự rộn ràng lên, cho dù ta đang lái xe thay vì đi máy bay.",Car Rentals,B1,https://audio.tflat.vn/data/cache/images/300x225/t/h/thrill1.png,,,
tier,/'taiə/,n.,"Tầng, lớp, hạng","If you are on a budget, I suggest you think about renting a car from our lowest tier.","Nếu anh chỉ có một số tiền nhỏ, tôi đề nghị anh hãy suy nghĩ về việc thuê một chiếc xe thuộc hạng thấp nhất của chúng tôi.",Car Rentals,B1,https://audio.tflat.vn/data/cache/images/300x225/t/i/tier1.png,,,
basis,/ˈbeɪsɪs/,n.,"Cơ bản, cơ sở",She was chosen for the job on the basis of her qualifications.,Cô đã được lựa chọn cho công việc trên cơ sở trình độ của cô.,Eating Out,B1,https://audio.tflat.vn/data/cache/images/300x225/b/a/basis-clone13.jpg,,,
complete,/kəmˈpliːt/,v.,Hoàn thành,We ordered some dessert to complete our meal.,Chúng tôi gọi một ít món tráng miệng để trọn vẹn bữa ăn của mình.,Eating Out,B1,https://audio.tflat.vn/data/images_example/300x225/w/e/we_ordered_ex1_56248cf37f8b9af80c011d81.jpg,,,
excite,/ik'sait/,v.,"Kích thích, kích động",Exotic flavor always excite me.,Những hương vị lạ/ngoại nhập luôn luôn kích thích tôi.,Eating Out,B1,https://audio.tflat.vn/data/cache/images/300x225/e/x/excite1.png,,,
flavor,/ˈfleɪvər/,n.,"Hương vị, mùi thơm",The cook changed the flavor of the soup with a unique blend of herbs.,Người nấu bếp thay đổi mùi vị món súp bằng một sự pha trộn các loại cây cỏ độc đáo.,Eating Out,B1,https://audio.tflat.vn/data/cache/images/300x225/f/l/flavor1.jpg,,,
forget,/fərˈɡet/,v.,Quên,"The waiter forgets bringing the rolls, annoying the customer.","Anh nhân viên phục vụ quên mang các ổ bánh mì, gây bực mình cho người khách.",Eating Out,B1,https://audio.tflat.vn/data/cache/images/300x225/f/o/forget1.png,,,
ingredient,/in'gri:djənt/,n.,"Thành phần, nguyên liệu","We want to make a special cake. To do that, we need to buy all the ingredients.","Chúng tôi muốn làm một chiếc bánh đặc biệt. Để làm được điều đó, chúng tôi cần mua đầy đủ các nguyên liệu.",Eating Out,B1,https://audio.tflat.vn/data/cache/images/300x225/i/n/ingredient1.png,,,
judge,/dʒʌdʒ/,v.,"Phán xét, đánh giá",You shouldn’t judge someone by their appearance alone.,Bạn không nên đánh giá ai đó chỉ qua vẻ bề ngoài của họ.,Eating Out,B1,https://audio.tflat.vn/data/cache/images/300x225/j/u/judge1.jpg,,,
mix-up,/'miks'ʌp/,n.,"Hỗn độn, lộn xộn",There was a mix-up about the ingredients and the dish was ruined.,Đã có một sự lộn xộn về các thành phần và món ăn đã bị hỏng.,Eating Out,B1,https://audio.tflat.vn/data/cache/images/300x225/m/i/mix-up1.jpg,,,
patron,/'peitrən/,n.,"Khách hàng quen, người bảo trợ",This restaurant has many loyal patrons.,Nhà hàng này có nhiều người khách hàng quen rất trung thành.,Eating Out,B1,https://audio.tflat.vn/data/cache/images/300x225/p/a/patron1.jpg,,,
predict,/prɪˈdɪkt/,v.,"Dự báo, dự đoán trước",He predicts that the trend will continue.,Anh ta dự đoán rằng xu hướng này sẽ tiếp tục.,Eating Out,B1,https://audio.tflat.vn/data/cache/images/300x225/p/r/predict1.png,,,
randomly,/['rændəmli]/,adv.,"Ngẫu nhiên, tình cờ",We randomly made our selections from the menu.,Chúng tôi chọn đại (các món ăn) từ thực đơn.,Eating Out,B1,https://audio.tflat.vn/data/cache/images/300x225/r/a/randomly1.png,,,
remind,/rɪˈmaɪnd/,v.,Nhắc nhở,He is so hard-working that he has never been reminded of homework.,Anh ấy chăm chỉ đến nỗi anh ấy không bao giờ bị nhắc nhở về việc làm bài tập về nhà.,Eating Out,B1,https://audio.tflat.vn/data/cache/images/300x225/r/e/remind1.jpg,,,
ability,/ə'biliti/,n.,"Năng lực, khả năng, tài năng",The designer's ability was obvious from her porfolio.,Năng lực của người thiết kế đã rõ ràng từ cặp hồ sơ (thiết kế) của cô ta.,Apply and Interviewing,B1,https://audio.tflat.vn/data/cache/images/300x225/a/b/ability1.jpg,,,
apply,/ə'plai/,v.,"Nộp, ứng tuyển",The college graduate applied for three jobs and received three offers.,Người tốt nghiệp cao đẳng đã xin việc ở 3 nơi và nhận được 3 lời mời chào.,Apply and Interviewing,B1,https://audio.tflat.vn/data/cache/images/300x225/a/p/apply1.jpg,,,
background,/'bækgraund/,n.,"Kiến thức, kinh nghiệm",Your background in the publishing industry is a definite asset for this job.,Kiến thức của anh trong công nghiệp xuất bản là một vốn quý rõ ràng cho công việc này.,Apply and Interviewing,B1,https://audio.tflat.vn/data/cache/images/300x225/b/a/background1.jpg,,,
be ready for,,v.,Sẵn sàng cho,"Thanks to her careful research, the applicant felt that she was ready for the interview with the director of the program.","Nhờ sự nghiên cứu cẩn thận của mình, người xin việc thấy rằng cô ta đã sẵn sàng cho cuộc phỏng vấn với người giám đốc của chương trình.",Apply and Interviewing,B1,https://audio.tflat.vn/data/cache/images/300x225/b/e/be_ready_for.jpg,,,
call in,/A/,v.,"Yêu cầu, mời tới",The HR manager called in all the qualified applicants for a 2nd interview.,Giám đốc nhân sự mời tất cả các ứng viên đủ điều kiện cho một cuộc phỏng vấn lần 2.,Apply and Interviewing,B1,https://audio.tflat.vn/data/cache/images/300x225/c/a/call_in.jpg,,,
confidence,/'kɔnfidəns/,n.,"Sự tin tưởng, sự tin cậy",I have confidence in Mai because she is my close friend.,Tôi tin tưởng Mai vì cô ấy là bạn thân của tôi.,Apply and Interviewing,B1,https://audio.tflat.vn/data/cache/images/300x225/c/o/confidence1.jpg,,,
constantly,/'kɔnstəntli/,adj.,"Luôn luôn, liên tục, liên miên",The company is constantly looking for highly trained employees.,Công ty không ngừng tìm kiếm những nhân viên được đào tạo tốt.,Apply and Interviewing,B1,https://audio.tflat.vn/data/cache/images/300x225/c/o/constantly1.jpg,,,
expert,/'ekspə:t/,n.,Chuyên gia,Do you have any questions for our computer expert today?,Các bạn có câu hỏi gì cho chuyên gia máy tính hôm nay không?,Apply and Interviewing,B1,https://audio.tflat.vn/data/cache/images/300x225/e/x/expert1.png,,,
follow up,,"v, n.","(v) theo sau, bám riết",Always follow up an interview with a thank-you note,Luôn bám sát một cuộc phỏng vấn với một lá thư cám ơn ngắn.,Apply and Interviewing,B1,https://audio.tflat.vn/data/cache/images/300x225/f/o/follow_up3.jpg,,,
hesitant,/'hezitənt/,adj.,"Do dự, lưỡng lự, ngập ngừng",Marla was hesitant about negotiating a higher salary.,Marla lưỡng lự về việc thương lượng một mức lương cao hơn.,Apply and Interviewing,B1,https://audio.tflat.vn/data/cache/images/300x225/h/e/hesitant1.png,,,
present,/pri'zent/,v.,"Đưa ra, bày tỏ, giới thiệu",He presented the report to his colleagues at the meeting.,Anh ta đã trình bày bản báo cáo của mình với đồng nghiệp ở cuộc họp.,Apply and Interviewing,B1,https://audio.tflat.vn/data/images_example/300x225/h/e/he_present_ex1_56248cf47f8b9af80c011f8d.jpg,,,
weakly,/'wi:kli/,adv.,"Một cách yếu ớt, yếu, ốm yếu",Her hands trembled and she spoke weakly at the interview.,Tay cô ta run và cô ta nói giọng yếu ớt tại buổi phỏng vấn.,Apply and Interviewing,B1,https://audio.tflat.vn/data/cache/images/300x225/w/e/weakly1.png,,,
adjacent,/ə'dʤeizənt/,adj.,"Kế bên, liền kề, sát cạnh",My office is adjacent to the receptionist area on the third floor.,Văn phòng của tôi ở bên cạnh khu vực tiếp tân ở tầng ba.,Property & Departments,B1,https://audio.tflat.vn/data/cache/images/300x225/a/d/adjacent2.png,,,
collaboration,"/kə,læbə'reiʃn/",n.,"Sự cộng tác, hợp tác",We believe that it was our collaboration that enabled us to achieve such favorable results.,Chúng ta tin rằng sự hợp tác của chúng ta cho phép đạt được những kết quả có lợi đến thế.,Property & Departments,B1,https://audio.tflat.vn/data/cache/images/300x225/c/o/collaboration2.png,,,
concentrate,/'kɔnsentreit/,v.,Tập trung,I can’t concentrate because it’s very noisy.,Tớ không thể tập trung được vì quá ồn.,Property & Departments,B1,https://audio.tflat.vn/data/cache/images/300x225/c/o/concentrate2.png,,,
conducive,/kənˈdjuːsɪv/,adj.,"Có ích, có lợi",The soft lights and music were conducive to a relaxed atmosphere.,Các đèn chiếu sáng nhẹ và nhạc sẽ có ích cho một bầu không khí thoải mái.,Property & Departments,B1,https://audio.tflat.vn/data/images_example/300x225/t/h/the_soft_l_ex1_56248d167f8b9a040dc66044.jpg,,,
disruption,/dis'rʌpʃn/,n.,‹sự› gián đoạn,The accident on the main road through town is causing widespread disruption for motorists.,Vụ tai nạn trên đường chính qua thị trấn đang gây ra sự gián đoạn trên diện rộng cho người lái xe.,Property & Departments,B1,https://audio.tflat.vn/data/cache/images/300x225/d/i/disruption2.png,,,
hamper,/'hæmpə/,v.,"Cản trở, gây trở ngại",The lack of supplies hampered our ability to finish on schedule.,Việc thiếu đồ dự trữ đã gây trở ngại cho khả năng hoàn thành đúng thời gian của chúng tôi.,Property & Departments,B1,https://audio.tflat.vn/data/cache/images/300x225/h/a/hamper2.png,,,
inconsiderately,/ˌɪnkənˈsɪdərətli/,adv.,"Thiếu thận trọng, sơ suất",The manager inconsiderately scheduled the meeting for late Friday afternoon.,Người giám đốc sơ suất lên lịch họp vào cuối buổi chiều thứ Sáu.,Property & Departments,B1,https://audio.tflat.vn/data/cache/images/300x225/i/n/inconsiderately.jpg,,,
lobby,/'lɔbi/,n.,"Hành lang, sảnh chờ",The reception area was moved from the lobby of the building to the third floor.,Khu vực tiếp tân đã được chuyển từ hành lang của tòa nhà lên tầng ba.,Property & Departments,B1,https://audio.tflat.vn/data/cache/images/300x225/l/o/lobby1.png,,,
move up,/muːv ʌp /,v.,"Tiến lên, thăng tiến","In order to move up in the company, employees had to demonstrate their loyalty.","Nhằm để thăng tiến trong công ty, các nhân viên phải biểu lộ lòng trung thành của họ.",Property & Departments,B1,https://audio.tflat.vn/data/cache/images/300x225/m/o/move_up1.png,,,
open to,/ˈəʊpən tə /,adj.,"Gánh chịu, bị ","Since the junior executive was still on probation, he was open to much scrutiny and criticism.","Bởi vì người nhân viên điều hành cấp thấp vẫn còn trong thời gian tập sự, anh hay bị săm soi và chỉ trích.",Property & Departments,B1,https://audio.tflat.vn/data/cache/images/300x225/o/p/open_to1.png,,,
opt,/ɔpt/,v.,"Chọn, chọn lựa; quyết định",The operations manager opted for the less expensive office design.,Trưởng phòng tác nghiệp đã chọn bản thiết kế văn phòng ít tốn kém.,Property & Departments,B1,https://audio.tflat.vn/data/cache/images/300x225/o/p/opt1.png,,,
scrutiny,/'skru:tini/,n., xem xét/kiểm tra kỹ lưỡng,Jim left his old job because he found it difficult to work under the close scrutiny of his boss.,Jim đã rời bỏ công việc cũ vì anh thấy khó làm việc dưới sự săm sõi kỹ lưỡng của sếp.,Property & Departments,B1,https://audio.tflat.vn/data/cache/images/300x225/s/c/scrutiny2.png,,,
appreciation,"/ə,pri:ʃi'eiʃn/",n.,Sự cảm kích,She shows little appreciation of good music.,Cô ấy cho thấy một chút sự đánh giá cao về thẩm mỹ âm nhạc tốt.,Office Procedures,B1,https://audio.tflat.vn/data/cache/images/300x225/a/p/appreciation2.jpg,,,
be made of,/bi: meɪd əv/,v.,Làm bằng (cái gì),This job will really test what you are made of.,Công việc này sẽ thật sự kiểm tra xem anh là người thế nào.,Office Procedures,B1,https://audio.tflat.vn/data/cache/images/300x225/b/e/be_made_of2.jpg,,,
bring in,/brɪŋ ɪn/,,"Tuyển dụng, dẫn tới",The company brings in new team of project planners.,Công ty thuê một đội mới cho các nhà hoạch định dự án.,Office Procedures,B1,https://audio.tflat.vn/data/cache/images/300x225/b/r/bring_in2.jpg,,,
casually,/ˈkæʒuəli/,adv.,"Bình thường, không trịnh trọng","On Fridays, most employees dress casually.","Vào các thứ Sáu, phần lớn nhân viên ăn mặc tùy ý (không mặc đồng phục).",Office Procedures,B1,https://audio.tflat.vn/data/cache/images/300x225/c/a/casually1.png,,,
code,/koud/,n.,"Quy tắc, luật lệ",Even the most traditional companies are changing their dress code to something less formal.,Thậm chí hầu hết các công ty theo lối cổ cũng đang thay đổi quy tắc ăn mặc của họ sao cho bớt trịnh trọng đi.,Office Procedures,B1,https://audio.tflat.vn/data/images_example/300x225/e/v/even_the_m_ex1_56248d157f8b9a040dc65e38.jpg,,,
expose,/iks'pouz/,v.,"Phơi bày, bộc lộ",He did not want to expose his fears and insecurity to anyone.,Anh ấy không muốn để lộ sự sợ hãi và bất an của mình cho bất cứ ai.,Office Procedures,B1,https://audio.tflat.vn/data/images_example/300x225/h/e/he_did_not_ex1_56248d157f8b9a040dc65e3c.png,,,
glimpse,/ɡlɪmps/,n.,Cái nhìn lướt qua,The secretary caught a glimpse of her new boss as she was leaving the office.,Cô thư ký bắt gặp ánh mắt lướt qua của người chủ mới khi cô ấy rời khỏi văn phòng.,Office Procedures,B1,https://audio.tflat.vn/data/cache/images/300x225/g/l/glimpse1.jpg,,,
out of,/aʊt əv/,adj.,"Hết, không còn",The presenter ran out of time before he reached his conclusion.,Người dẫn chương trình đã hết thời gian trước khi anh ta đi đến kết luận.,Office Procedures,B1,https://audio.tflat.vn/data/cache/images/300x225/o/u/out_of2.jpg,,,
outdated,/aut'deitid/,adj.,"Hết hạn; lỗi thời, lạc hậu, cổ, hiện nay không còn dùng (obsolete)","Before you do a mailing, make sure that none of the addresses is outdated.","Trước khi anh gửi thư, hãy bảo đảm rằng không có địa chỉ nào hiện không còn sử dụng",Office Procedures,B1,https://audio.tflat.vn/data/cache/images/300x225/o/u/outdated1.jpg,,,
practice,/'præktis/,v.,"Thực hành, rèn luyện ",Bill practiced answering the telephone until he was satisfied.,Bill thực tập trả lời điện thoại cho đến khi anh ta cảm thấy hài lòng.,Office Procedures,B1,https://audio.tflat.vn/data/cache/images/300x225/p/r/practice1.jpeg,,,
reinforce,"/,ri:in'fɔ:s/",v.,"Tăng cường, củng cố",Employees reinforced their learning with practice in the workplace.,Các nhân viên củng cố kiến thức của mình bằng việc thực hành ở nơi làm việc.,Office Procedures,B1,https://audio.tflat.vn/data/images_example/300x225/e/m/employees__ex1_56248d157f8b9a040dc65e44.jpg,,,
verbally,/'və:bəli/,adv.,"Bằng miệng, bằng lời nói",The guarantee was made only verbally.,Sự bảo đảm được cam kết chỉ bằng lời.,Office Procedures,B1,https://audio.tflat.vn/data/cache/images/300x225/v/e/verbally1.jpg,,,
movie,/'mu:vi/,n.,"Phim, điện ảnh",I like watching movies very much.,Tôi thích xem phim rất nhiều.,Movies,B1,https://audio.tflat.vn/data/cache/images/300x225/m/o/movie2.jpg,,,
attainment,/ə'teinmənt/,n.,"Sự đạt được, thành tựu",The attainment of his ambitions was still a dream.,Việc đạt được những tham vọng của ông vẫn còn là một giấc mơ.,Movies,B1,https://audio.tflat.vn/data/cache/images/300x225/a/t/attainment1.png,,,
combine,/'kɔmbain/,v.,"Kết hợp, phối hợp",The director combined two previously separate visual techniques.,Đạo diễn đã kết hợp 2 kỹ xảo hình ảnh riêng biệt trước đây lại với nhau.,Movies,B1,https://audio.tflat.vn/data/cache/images/300x225/c/o/combine1.png,,,
continue,/kənˈtɪnjuː/,v.,"Tiếp tục, duy trì",He continued to ignore everything I was saying.,Anh ta tiếp tục bỏ qua tất cả những gì tôi nói.,Movies,B1,https://audio.tflat.vn/data/images_example/300x225/h/e/he_continu_ex1_56248cef7f8b9af60c1430bb.jpg,,,
description,/dis'kripʃn/,n.,"‹sự› diễn tả, mô tả; diện mạo, hình dạng",This is the description of our new house.,Đây là mô tả của ngôi nhà mới của chúng tôi.,Movies,B1,https://audio.tflat.vn/data/cache/images/300x225/d/e/description2.jpg,,,
disperse,/dis'pə:s/,v.,"Giải tán, tan tác",Police dispersed the protesters with tear gas.,Cảnh sát giải tán người biểu tình bằng hơi cay.,Movies,B1,https://audio.tflat.vn/data/images_example/300x225/p/o/police_dis_ex1_56248d167f8b9a040dc661ec.jpg,,,
entertainment,"/,entə'teinmənt/",n.,"‹sự› giải trí, tiêu khiển",There was not entertainment for children of guests at the hotel.,Không có trò giải trí nào cho những vị khách trẻ em ở khách sạn.,Movies,B1,https://audio.tflat.vn/data/cache/images/300x225/e/n/entertainment2.jpg,,,
influence,/ˈɪnfluəns/,v.,Ảnh hưởng ,My father was the biggest influence on my character.,Bố tôi là người ảnh hưởng lớn nhất tới tính cách tôi.,Movies,B1,https://audio.tflat.vn/data/cache/images/300x225/i/n/influence-v1.jpg,,,
range,/reɪndʒ/,n.,Phạm vi,The range of the director's vision is impressive.,Tầm nhìn của đạo diễn là đầy ấn tượng.,Movies,B1,https://audio.tflat.vn/data/cache/images/300x225/r/a/range1.png,,,
release,/rɪˈliːs/,v.,Phát hành,She is trying to release her album as planned.,Cô ấy đang cố gắng để phát hành đĩa nhạc của mình như đã dự định.,Movies,B1,https://audio.tflat.vn/data/images_example/300x225/s/h/she_is_try_ex1_56248d0b7f8b9a000de3cfa9.jpg,,,
representation,"/,reprizen'teiʃn/",n.,"Đại diện, sự diễn tả",The film's representation of world poverty through the character of the hungry child was quite moving.,Sự diễn tả của bộ phim về thế giới bần cùng thông qua nhân vật đứa trẻ đói khát thì khá là thương tâm.,Movies,B1,https://audio.tflat.vn/data/cache/images/300x225/r/e/representation.jpg,,,
separately,/'seprətli/,adv.,Một cách riêng biệt,The theater was very crowded so we had to sit separately.,Rạp hát rất đông nên chúng tôi phải ngồi riêng rẽ.,Movies,B1,https://audio.tflat.vn/data/cache/images/300x225/s/e/separately1.png,,,
successive,/sək'sesiv/,adj.,"Kế tiếp, liên tiếp",This was their fourth successive win.,Đây là chiến thắng thứ tư liên tiếp của họ.,Movies,B1,https://audio.tflat.vn/data/images_example/300x225/t/h/this_was_t_ex1_56248d167f8b9a040dc661fc.jpg,,,
accustom to,/əˈkʌstəm tu:/,v.,"Làm cho quen, tập cho quen",Chefs must accustom themselves to working long hours.,Các đầu bếp phải tự làm quen với việc nấu nướng trong nhiều giờ.,Cooking As A Career,B1,https://audio.tflat.vn/data/cache/images/300x225/a/c/accustom_to1.jpg,,,
apprentice,/ə'prentis/,n.,"Người học việc, người mới vào nghề",The cooking school has an apprentice program that places students in restaurants to gain work experience.,Trường dạy nấu ăn có một chương trình học nghề là đưa học viên đến các nhà hàng để lấy kinh nghiệm làm việc.,Cooking As A Career,B1,https://audio.tflat.vn/data/cache/images/300x225/a/p/apprentice1.png,,,
culinary,/'kʌlinəri/,adj.,Việc bếp núc,The chef was widely known for his culinary artistry.,Người đầu biết được biết đến rộng rãi về nghệ thuật thuật ẩm thực của ông ấy.,Cooking As A Career,B1,https://audio.tflat.vn/data/cache/images/300x225/c/u/culinary1.png,,,
demand,/dɪˈmɑːnd/,n.,Nhu cầu,Higher prices reduce demand.,Giá cao hơn làm giảm nhu cầu.,Cooking As A Career,B1,https://audio.tflat.vn/data/cache/images/300x225/d/e/demand1.jpg,,,
incorporate,/in'kɔ:pərit/,v.,Kết hợp chặt chẽ; hợp thành tổ chức/đoàn thể,Here are the fresh greens for you to incorporate into a salad.,Đây là rau tươi cho anh để kết hợp thành một món salad (rau trộn).,Cooking As A Career,B1,https://audio.tflat.vn/data/cache/images/300x225/i/n/incorporate2.png,,,
influx,/'inflʌks/,n.,"Sự chảy vào, sự tràn vào","Due to the rise in popularity of cooking as a career, cooking schools report an influx of applications.","Vì việc gia tăng sự phổ biến của nghề nấu ăn, các trường dạy nấu ăn báo cáo một dòng chảy các đơn xin nhập học.",Cooking As A Career,B1,https://audio.tflat.vn/data/cache/images/300x225/i/n/influx1.png,,,
method,/ˈmeθəd/,n.,"Phương pháp, cách thức",Gloria perfected a simple method for making croissants.,Gloria đã hoàn thành một phương pháp đơn giản để làm bánh sừng bò.,Cooking As A Career,B1,https://audio.tflat.vn/data/cache/images/300x225/m/e/method1.jpg,,,
outlet,/'autlet/,n.,"Chỗ thoát ra, lối ra",Many people find cooking to be a hands-on outlet for their creativity.,Nhiều người xem nấu ăn là một phương tiện thực hành để thỏa mãn óc sáng tạo của mình.,Cooking As A Career,B1,https://audio.tflat.vn/data/cache/images/300x225/o/u/outlet1.png,,,
profession,/prəˈfeʃən/,n.,Nghề nghiệp,Cooking is considered as much a profession as law or medicine.,Nấu ăn được xem là một nghề nghiệp cũng như là nghề luật hay nghề y.,Cooking As A Career,B1,https://audio.tflat.vn/data/cache/images/300x225/p/r/profession1.jpg,,,
relinquish,/ri'liɳkwiʃ/,v.,"Từ bỏ, buông thả","After Claude married Kiki, he had to relinquish his exclusive hold on the kitchen and learn to share the joys of cooking.","Sau khi Claude lấy Kiki, anh ta đã phải từ bỏ độc quyền nắm giữ nhà bếp và biết chia sẻ niềm vui nấu nướng.",Cooking As A Career,B1,https://audio.tflat.vn/data/cache/images/300x225/r/e/relinquish1.jpg,,,
theme,/θi:m/,n.,"Đề tài, chủ đề",North American literature is the main theme of this year's festival.,Văn học Bắc Mỹ là chủ đề chính của lễ hội năm nay.,Cooking As A Career,B1,https://audio.tflat.vn/data/cache/images/300x225/t/h/theme1.jpg,,,
draw,/drɔ:/,v.,"Thu hút, lôi cuốn",Matthew was drawn to a career in cooking.,Matthew đã bị lôi cuốn với công việc nấu ăn.,Cooking As A Career,B1,https://audio.tflat.vn/data/cache/images/300x225/d/r/draw-v2.jpg,,,
access,/ˈækses/,n.,"Quyền truy cập, sự tiếp cận ",I cannot easily get access to the Internet.,Tôi không thể dễ dàng có được quyền truy cập vào Internet.,Computers and the Internet,B1,https://audio.tflat.vn/data/cache/images/300x225/a/c/access1.jpg,,,
allocate,/ˈæləkeɪt/,v.,"Cấp cho, phân phối",The office manager did not allocate enough money to purchase software.,Người quản lý văn phòng không cấp đủ tiền để mua sắm phần mềm.,Computers and the Internet,B1,https://audio.tflat.vn/data/cache/images/300x225/a/l/allocate1.png,,,
compatible,/kəm'pætəbl/,adj.,"Tương thích, hợp nhau ","Because my girlfriend and I listen to the same music artists, we have compatible tastes in music.","Vì tôi và bạn gái tôi cùng nghe nhạc của những nghệ sĩ giống nhau, nên chúng tôi hợp nhau về thị hiếu âm nhạc.",Computers and the Internet,B1,https://audio.tflat.vn/data/images_example/300x225/b/e/because_my_ex1_56248d157f8b9a040dc65e00.jpg,,,
delete,/di'li:t/,v.,"Xóa đi, bỏ đi",The technicians deleted all the data on the disk accidentally.,Kỹ thuật viên đã vô tình xóa mọi dữ liệu trên đĩa.,Computers and the Internet,B1,https://audio.tflat.vn/data/cache/images/300x225/d/e/delete2.jpg,,,
display,/dis'plei/,v.,"Hiển thị, trình bày ",The accounting program displays a current balance when opened.,Chương trình kế toán hiển thị một con số cân bằng thu chi khi mở (chương trình đó) ra.,Computers and the Internet,B1,https://audio.tflat.vn/data/cache/images/300x225/d/i/display1.jpg,,,
duplicate,/'dju:plikit/,v.,"Sao lại, nhân đôi",I think the new word processing program will duplicate the success of the one introduced last year.,Tôi nghĩ rằng chương trình xử lý văn bản mới sẽ thành công gấp đôi so với chương trình được giới thiệu hồi năm ngoái.,Computers and the Internet,B1,https://audio.tflat.vn/data/cache/images/300x225/d/u/duplicate2.jpg,,,
failure,/'feiljə/,n.,"Trượt, thất bại ",The success or failure of the plan depends on you.,Kế hoạch thành công hay thất bại là phụ thuộc vào bạn.,Computers and the Internet,B1,https://audio.tflat.vn/data/cache/images/300x225/f/a/failure1.png,,,
figure out,/ˈfɪɡə/,v.,"Đoán ra, giải ra","By examining all of the errors, the technicians were able to figure out how to fix the problem.","Bằng cách xem xét mọi lỗi, các kỹ thuật viên đã có thể tìm ra cách để sửa chữa các sự cố.",Computers and the Internet,B1,https://audio.tflat.vn/data/cache/images/300x225/f/i/figure_out.jpg,,,
ignore,/ig'nɔ:/,v.,"Bỏ qua, phớt lờ",He ignored all the things she said.,Anh ấy phớt lờ tất cả những gì cô ấy nói.,Computers and the Internet,B1,https://audio.tflat.vn/data/cache/images/300x225/i/g/ignore1.jpg,,,
search,/sə:tʃ/,n.,"Cuộc tìm kiếm, thăm dò",Our search of the database produced very little information.,Việc tìm kiếm trong cơ sở dữ liệu của chúng tôi đã đem lại rất ít thông tin.,Computers and the Internet,B1,https://audio.tflat.vn/data/cache/images/300x225/s/e/search1.png,,,
shut down,/ʃʌt/,v.,"Tắt máy, ngừng hoạt động",Please shut down the computer before you leave.,Vui lòng tắt máy trước khi bạn ngừng làm việc.,Computers and the Internet,B1,https://audio.tflat.vn/data/cache/images/300x225/s/h/shut_down2.jpg,,,
warning,/'wɔ:niɳ/,n.,Sự cảnh báo ,The red flashing light gives a warning to users that the battery is low.,Ánh sáng nhấp nháy màu đỏ đưa ra sự cảnh báo với người dùng rằng pin bị cạn.,Computers and the Internet,B1,https://audio.tflat.vn/data/images_example/300x225/t/h/the_red_fl_ex1_56248d157f8b9a040dc65e14.jpg,,,
conference,/ˈkɒnf(ə)r(ə)n/,n.,Hội nghị,"That room is used for exhibitions, conferences and social events.","Căn phòng đó được dùng cho triển lãm, hội nghị và các sự kiện xã hội.",Conference,B1,https://audio.tflat.vn/data/cache/images/300x225/c/o/conference1.jpg,,,
accommodate,/ə'kɔmədeit/,v.,Làm cho phù hợp,The meeting room was large enough to accommodate the various needs of the groups using it.,Phòng họp đủ lớn để phù hợp với nhiều nhu cầu khác nhau của các nhóm sử dụng nó.,Conference,B1,https://audio.tflat.vn/data/cache/images/300x225/a/c/accommodate2.jpg,,,
arrangement,/ə'reindʤmənt/,n.,Sự sắp xếp,"The travel arrangements were taken care of by Sara, Mr. Billing's capable assistant.","Việc thu xếp chuyến đi được chịu trách nhiệm bởi Sara, trợ lý có năng lực của ông Billing.",Conference,B1,https://audio.tflat.vn/data/cache/images/300x225/a/r/arrangement2.jpg,,,
association,"/ə,sousi'eiʃn/",n.,"Hội, hiệp hội",I know that ASEAN stands for the Association of Southeast Asian Nations.,Tôi biết rằng ASEAN là viết tắt của Hiệp Hội Các Nước Đông Nam Á.,Conference,B1,https://audio.tflat.vn/data/images_example/300x225/i/_/i_know_tha_ex1_580de37b7f8b9a3e688b4579.jpg,,,
attend,/ə'tend/,v.,"Tham dự, có mặt",We expect more than 100 members to attend the annual meeting.,Chúng tôi hy vọng hơn 100 thành viên đến tham dự cuộc họp thường niên.,Conference,B1,https://audio.tflat.vn/data/cache/images/300x225/a/t/attend1.jpg,,,
get in touch,/ɡɛt ɪn tʌtʃ/,v.,Liên lạc với ,"As soon as we arrive at the hotel, we will get in touch with the manager about the unexpected guests.","Ngay khi chúng tôi đến khách sạn, chúng tôi sẽ liên hệ với giám đốc về những vị khách không mời mà đến.",Conference,B1,https://audio.tflat.vn/data/cache/images/300x225/g/e/get_in_touch2.jpg,,,
hold,/hould/,v.,"Chứa, đựng, tổ chức ",This meeting room holds at least 80 people comfortably.,Phòng họp này chứa được thoải mái ít nhất 80 người.,Conference,B1,https://audio.tflat.vn/data/images_example/300x225/t/h/this_meeti_ex1_56248d157f8b9a040dc65de8.jpg,,,
location,/lou'keiʃn/,n.,Vị trí,The location of the meeting was changed from the Red Room to the Green Room.,Vị trí họp đã được thay đổi từ phòng Đỏ sang phòng Xanh.,Conference,B1,https://audio.tflat.vn/data/cache/images/300x225/l/o/location1.png,,,
overcrowded,/əʊvəˈkraʊdɪd/,adj.,"Chật ních, đông nghịt",Too many poor people are living in overcrowded conditions.,Có quá nhiều người nghèo đang sống trong điều kiện chật chội.,Conference,B1,https://audio.tflat.vn/data/cache/images/300x225/o/v/overcrowded1.jpg,,,
register,/'redʤistə/,v.,Đăng ký,You can register this mail for an additional $2.2.,Anh ấy có thể gửi đảm bảo thư này với một khoản 2.2 đô-la phí bổ sung.,Conference,B1,https://audio.tflat.vn/data/cache/images/300x225/r/e/register1.jpg,,,
select,/si'lekt/,v.,"Chọn lựa, chọn lọc",They were selected to match her clothes.,Chúng đã được chọn để hợp với trang phục của cô ấy.,Conference,B1,https://audio.tflat.vn/data/cache/images/300x225/s/e/select1.png,,,
session,/'seʃn/,n.,"Kỳ họp, buổi họp","The morning sessions tend to fill up first, so sign up early.","Các phiên họp sáng có khuynh hướng kín chỗ trước hết, vì vậy hãy đăng ký sớm.",Conference,B1,https://audio.tflat.vn/data/cache/images/300x225/s/e/session1.png,,,
take part in,/teɪk pɑːt ɪn/,v.,"Tham dự, tham gia","We could not get enough people to take part in the meeting, so we canceled it.","Chúng tôi không có đủ người tham dự cuộc họp, vì vậy chúng tôi hủy bỏ nó.",Conference,B1,https://audio.tflat.vn/data/cache/images/300x225/t/a/take_part_in2.jpg,,,
characteristic,"/,kæriktə'ristik/",n.,"Đặc trưng, đặc điểm, đặc thù, cá biệt",One characteristic of the store is that it is slow in mailing refund checks.,Một đặc điểm của cửa hàng là nó chậm chạp trong việc gửi hóa đơn hoàn trả.,Warranties,B1,https://audio.tflat.vn/data/images_example/300x225/o/n/one_charac_ex1_580de3767f8b9a3e688b456d.jpg,,,
consequence,/'kɔnsikwəns/,n.,"Kết quả, hậu quả, hệ quả; tầm quan trọng, tính trọng đại","As a consequence of not having seen a dentist for several years, Lydia had several cavities.","Hậu quả của việc không đi khám nha sĩ trong vài năm, Lydia đã bị vài răng sâu.",Warranties,B1,https://audio.tflat.vn/data/images_example/300x225/a/s/as_a_conse_ex1_580de3767f8b9a3e688b456f.jpg,,,
consider,/kən'sidə/,v.,Xem như,You shouldn't consider marrying a man for his money.,Bạn không nên nghĩ rằng lấy một người đàn ông vì tiền của anh ta.,Warranties,B1,https://audio.tflat.vn/data/images_example/300x225/y/o/you_should_ex1_56248d147f8b9a040dc65dc0.png,,,
cover,/'kʌvə/,v.,"Che, phủ, trùm, bọc; bao gồm",The passport is covered with leather.,Quyển hộ chiếu được bọc bằng da.,Warranties,B1,https://audio.tflat.vn/data/cache/images/300x225/c/o/cover1.jpg,,,
expiration,"/,ekspaiə'reiʃn/",n.,"Sự mãn hạn, sự hết hạn, sự kết thúc",Have you checked the expiration date on this yogurt?,Anh đã kiểm tra hạn sử dụng của món sữa chua này chưa?,Warranties,B1,https://audio.tflat.vn/data/cache/images/300x225/e/x/expiration1.png,,,
frequently,/ˈfriːkwəntli/,adv.,"Thường xuyên, một cách thường xuyên",Appliances frequently come with a one-year warranty.,Trang thiết bị thường có bảo hành một năm.,Warranties,B1,https://audio.tflat.vn/data/cache/images/300x225/f/r/frequently1.jpeg,,,
imply,/im'plai/,v.,"Ngụ ý, hàm ý, ẩn ý, ý nói",The guarantees on the Walkman imply that all damages were covered under warranty for one year.,Giấy bảo đảm theo máy nghe nhạc Walkman đã ngụ ý rằng mọi hư hỏng đều được bao gồm trong thời hạn bảo hành là 1 năm.,Warranties,B1,https://audio.tflat.vn/data/cache/images/300x225/i/m/imply2.jpg,,,
promise,/ˈprɒmɪs/,v.,Hứa hẹn,Please promise not to tell anyone!,Xin hãy hứa là không nói với ai!,Warranties,B1,https://audio.tflat.vn/data/cache/images/300x225/p/r/promise1.jpg,,,
protect,/prəˈtekt/,v.,"Bảo vệ, bảo hộ, che chở",Consumer laws are designed to protect the public against unscrupulous vendors.,Luật tiêu dùng được thiết kế để bảo vệ công chúng trước những kẻ bán hàng vô lương tâm.,Warranties,B1,https://audio.tflat.vn/data/cache/images/300x225/p/r/protect1.png,,,
reputation,"/,repju:'teiʃn/",n.,"Danh tiếng, thanh danh, tiếng (tốt của nhân vật)",Hogwarts is a school with an excellent reputation.,Hogwarts là một trường học với một danh tiếng xuất sắc.,Warranties,B1,https://audio.tflat.vn/data/cache/images/300x225/r/e/reputation1.jpg,,,
require,/ri'kwaiə/,v.,"Đòi hỏi, yêu cầu",The law requires that each item clearly display the warranty information.,Luật pháp yêu cầu mỗi món hàng trình bày rõ ràng thông tin về bảo hành.,Warranties,B1,https://audio.tflat.vn/data/cache/images/300x225/r/e/require1.jpg,,,
variety,/və'raiəti/,n.,"Sự đa dạng, trạng thái muôn màu","Thanks to the development of the media, people have more chances to see a variety of programs.","Nhờ sự phát triển của các phương tiện truyền thông, người dân có nhiều cơ hội hơn để xem một loạt các chương trình.",Warranties,B1,https://audio.tflat.vn/data/cache/images/300x225/v/a/variety1.jpg,,,
anxious,/'æɳkʃəs/,adj.,"Lo lắng, băn khoăn",He seemed anxious about the meeting.,Anh ta có vẻ lo lắng về cuộc họp.,Product Development,B1,https://audio.tflat.vn/data/cache/images/300x225/a/n/anxious1.png,,,
ascertain,"/,æsə'tein/",v.,"Biết chắc, xác định rõ ràng",A necessary part of product development is to ascertain whether the product is safe.,Một việc cần thiết cho sự phát triển sản phẩm là biết chắc sản phẩm có an toàn hay không.,Product Development,B1,https://audio.tflat.vn/data/cache/images/300x225/a/s/ascertain1.png,,,
assume,/ə'sju:m/,v.,"Đảm đương, gánh vác",It is generally assumed that stress is caused by too much work.,Nhiều người tin rằng sự căng thẳng gây ra bởi quá nhiều công việc.,Product Development,B1,https://audio.tflat.vn/data/cache/images/300x225/a/s/assume1.png,,,
examine,/ig'zæmin/,v.,"Khảo sát, nghiên cứu",These ideas will be examined in more detail in Chapter 10.,Những ý tưởng này sẽ được xem xét chi tiết hơn trong Chương 10.,Product Development,B1,https://audio.tflat.vn/data/cache/images/300x225/e/x/examine2.png,,,
decade,/ˈdekeɪd/,n.,"Thập kỷ, thời kỳ mười năm",She has been very famous for a few decades.,Cô ấy đã rất nổi tiếng trong một vài thập kỷ.,Product Development,B1,https://audio.tflat.vn/data/cache/images/300x225/d/e/decade2.png,,,
experiment,/ɪkˈsperɪmənt/,n.,Cuộc thí nghiệm,Some people believe that experiments on animals should be banned.,Một số người cho rằng những thí nghiệm trên động vật nên bị cấm.,Product Development,B1,https://audio.tflat.vn/data/cache/images/300x225/e/x/experiment2.png,,,
logical,/ˈlɒdʒɪk(ə)l/,adj.,"Có lô-gic, hợp lý",Your argument is not logical at all.,Lập luận của bạn là không hợp lý ở tất cả.,Product Development,B1,https://audio.tflat.vn/data/cache/images/300x225/l/o/logical2.png,,,
research,/ri'sə:tʃ/,v.,Nghiên cứu,They're researching into ways of improving people's diet.,Họ đang nghiên cứu về cách cải thiện chế độ ăn uống của người dân.,Product Development,B1,https://audio.tflat.vn/data/cache/images/300x225/r/e/research2.png,,,
responsibility,"/ris,pɔnsə'biliti/",n.,"Trách nhiệm, bổn phận","The product development department has a huge responsibility to be sure that the product is safe, even if used improperly.","Bộ phận phát triển sản phẩm có một trách nhiệm to lớn là phải chắc rằng sản phẩm là an toàn, cho dù là sử dụng không đúng cách.",Product Development,B1,https://audio.tflat.vn/data/images_example/300x225/t/h/the_produc_ex1_580ec4197f8b9ae2888b458a.jpg,,,
solve,/sɔlv/,v.,"Giải quyết, tìm giải pháp",You can't solve anything by just running away.,Cậu không thể giải quyết vấn đề bằng cách bỏ chạy được.,Product Development,B1,https://audio.tflat.vn/data/cache/images/300x225/s/o/solve2.png,,,
supervisor,/'sju:pəvaizə/,n.,Người giám sát,I have a meeting with my supervisor about my research topic.,Tôi có một cuộc họp với người giám sát của tôi về chủ đề nghiên cứu.,Product Development,B1,https://audio.tflat.vn/data/cache/images/300x225/s/u/supervisor2.png,,,
systematically,/ˌsɪstəˈmætɪkli/,adv.,"Có hệ thống, có phương pháp (methodically)","While creative thinking is necessary, analyzing a problem systematically is indispensable.","Trong khi mà sự suy nghĩ sáng tạo là cần thiết, thì việc phân tích một vấn đề một cách có hệ thống là không thể thiếu được.",Product Development,B1,https://audio.tflat.vn/data/cache/images/300x225/s/y/systematically1.png,,,
aware,/ə'weə/,adj.,"Biết, nhận thức",My dentist made me aware that I should have an appointment twice a year.,Nha sĩ của tôi làm cho tôi biết rằng tôi nên hẹn gặp 2 lần mỗi năm.,Dentist's Office,B1,https://audio.tflat.vn/data/images_example/300x225/m/y/my_dentist_ex1_56248d167f8b9a040dc66260.jpg,,,
catch up,/katʃ ʌp/,v.,"Làm kịp, kịp thời gian",The dental assistant was able to catch up on her paperwork in between patients.,Người trợ tá nha sĩ đã kịp làm công việc giấy tờ của mình giữa các lần khám bệnh nhân.,Dentist's Office,B1,https://audio.tflat.vn/data/cache/images/300x225/c/a/catch_up1.jpg,,,
distraction,/dis'trækʃn/,n.,"‹sự› sao nhãng, lãng trí, rối trí; sự giải trí, trò tiêu khiển","To provide a distraction from the noise, Luisa's dentist offered her a pair of earphones.","Để tránh khỏi tiếng ồn, nha sĩ của Luisa đã đưa ra cho cô một cặp tai nghe.",Dentist's Office,B1,https://audio.tflat.vn/data/cache/images/300x225/d/i/distraction.jpg,,,
encouragement,/in'kʌridʤmənt/,n.,"Khuyến khích, cổ vũ, niềm động viên",Let me offer you some encouragement about your crooked teeth.,Để tôi sẵn sàng cho anh vài sự động viên về hàm răng lệch lạc của anh.,Dentist's Office,B1,https://audio.tflat.vn/data/cache/images/300x225/e/n/encouragement2.jpg,,,
evident,/'evidənt/,adj.,"Hiển nhiên, rõ ràng",The presence of a wisdom tooth was not evident until the dentist started to examine the patient.,Sự có mặt của cái răng khôn thì không rõ ràng cho đến khi nha sĩ bắt đầu khám bệnh nhân.,Dentist's Office,B1,https://audio.tflat.vn/data/cache/images/300x225/e/v/evident1.png,,,
habit,/ˈhæbɪt/,n.,Thói quen,Negative thinking can become a habit.,Suy nghĩ tiêu cực có thể trở thành một thói quen.,Dentist's Office,B1,https://audio.tflat.vn/data/cache/images/300x225/h/a/habit1.png,,,
illuminate,/i'ju:mineit/,v.,"Chiếu sáng, làm sáng tỏ",Let me turn on more lights to properly illuminate the back teeth.,Để tôi bật thêm đèn để chiếu sáng đúng mức hàm răng đen.,Dentist's Office,B1,https://audio.tflat.vn/data/cache/images/300x225/i/l/illuminate1.png,,,
irritate,/'iriteit/,v.,"Kích thích, làm tấy lên, làm rát",Aspirin irritates my stomach.,Aspirin kích ứng dạ dày của tôi.,Dentist's Office,B1,https://audio.tflat.vn/data/images_example/300x225/a/s/aspirin_ir_ex1_56248d167f8b9a040dc66274.jpg,,,
overview,/´ouvə¸vju:/,n.,"Nhìn tồng quát, miêu tả chung, ngắn gọn",I did a quick overview of your teeth and they look in good shape.,Tôi đã khám tổng quát nhanh hàm răng của cô và chúng trông có vẻ tốt.,Dentist's Office,B1,https://audio.tflat.vn/data/images_example/300x225/i/_/i_did_a_qu_ex1_56248d167f8b9a040dc66278.jpg,,,
position,/pəˈzɪʃn/,n.,Vị trí,I'm writing to apply for the position of a volunteer guide.,Tôi viết thư để ứng tuyển vị trí hướng dẫn viên tình nguyện.,Dentist's Office,B1,https://audio.tflat.vn/data/images_example/300x225/i/m/im_writing_ex1_56248cfb7f8b9afa0cb17d50.jpg,,,
regularly,/ˈreɡjələli/,adv.,Thường xuyên,Doing physical exercise regularly will make you healthy.,Tập thể dục thường xuyên sẽ làm cho bạn khỏe mạnh.,Dentist's Office,B1,https://audio.tflat.vn/data/cache/images/300x225/r/e/regularly1.png,,,
restore,/ris´tɔ:/,v.,"Hồi phục, khôi phục lại",The cleaning restored the whiteness of my teeth.,Việc làm sạch răng đã phục hồi độ trắng của hàm răng tôi.,Dentist's Office,B1,https://audio.tflat.vn/data/cache/images/300x225/r/e/restore1.png,,,
adhere to,/ədˈhɪə(r) tə/,v.,"Tuân thủ, giữ vững",The chairman never wants to adhere to his own rules.,Vị chủ tịch chẳng bao giờ muốn giữ vững những quy tắc của riêng ông ta.,Board Meeting & Committees,B1,https://audio.tflat.vn/data/cache/images/300x225/a/d/adhere_to1.png,,,
agenda,/ə´dʒendə/,n.,"Đề tài thảo luận, chương trình nghị sự",Newspapers have been accused of trying to set the agenda for the government.,Báo chí đã bị buộc tội cố gắng thiết lập chương trình nghị sự của chính phủ.,Board Meeting & Committees,B1,https://audio.tflat.vn/data/cache/images/300x225/a/g/agenda1.png,,,
bring up,/brɪŋ ʌp/,phr. v.,Đưa ra,Can you bring up the main menu again?,Bạn có thể đưa lại thực đơn cho tôi xem được không ?,Board Meeting & Committees,B1,https://audio.tflat.vn/data/cache/images/300x225/b/r/bring_up1.png,,,
conclude,/kən'klu:d/,v.,"Kết luận, quyết định","After long discussions, the board has concluded that the project has to be canceled.","Sau những cuộc tranh luận dài, ủy ban đã kết luận rằng dự án phải bị hủy bỏ.",Board Meeting & Committees,B1,https://audio.tflat.vn/data/images_example/300x225/a/f/after_long_ex1_56248d167f8b9a040dc66060.jpg,,,
go ahead,/ɡəʊ əˈhed /,n.,Sự được phép (làm gì),The manager was just waiting for the go ahead from her boss before mailing the report.,Người trưởng phòng đang chờ sự cho phép từ sếp của cô ta trước khi gửi báo cáo.,Board Meeting & Committees,B1,https://audio.tflat.vn/data/cache/images/300x225/g/o/go_ahead1.png,,,
goal,/goul/,n.,"Mục đích, mục tiêu",Employees are expected to analyze and evaluate their annual goals.,Các nhân viên được yêu cầu phân tích và đánh giá các mục tiêu hàng năm của họ.,Board Meeting & Committees,B1,https://audio.tflat.vn/data/cache/images/300x225/g/o/goal2.png,,,
lengthy,/'leɳθi/,adj.,"Lâu, dài, dài dòng","After lengthy discussions, the chairperson was reelected for another term.","Sau những cuộc tranh luận dài, vị chủ tịch đã được bầu lại một nhiệm kỳ nữa.",Board Meeting & Committees,B1,https://audio.tflat.vn/data/cache/images/300x225/l/e/lengthy2.png,,,
matter,/'mætə/,n.,"Chủ đề, vấn đề, việc, chuyện",What's the matter with you?,Có chuyện gì với bạn vậy?,Board Meeting & Committees,B1,https://audio.tflat.vn/data/cache/images/300x225/m/a/matter3.png,,,
periodically,/ˌpɪəriˈɒdɪkli/,adv.,"Định kỳ, thường kỳ, chu kỳ",The group tried to meet periodically.,Nhóm đã cố gắng gặp gỡ định kỳ.,Board Meeting & Committees,B1,https://audio.tflat.vn/data/cache/images/300x225/p/e/periodically1.jpg,,,
priority,/praɪˈɒrəti/,n.,Quyền ưu tiên,My top priority now is to win a place at the university.,Điều ưu tiên lớn nhất của tôi bây giờ là đỗ đại học.,Board Meeting & Committees,B1,https://audio.tflat.vn/data/cache/images/300x225/p/r/priority2.png,,,
progress,/ˈprəʊɡrɛs/,n.,"Sự tiến bộ, sự tiến triển",The doctor said that he was making good progress after the surgery.,Bác sỹ nói rằng anh ấy đang có tiến triển tốt sau cuộc phẫu thuật.,Board Meeting & Committees,B1,https://audio.tflat.vn/data/cache/images/300x225/p/r/progress2.png,,,
waste,/weɪst/,v.,Lãng phí,Don't waste your money on that game.,Đừng lãng phí tiền của bạn vào trò chơi đó.,Board Meeting & Committees,B1,https://audio.tflat.vn/data/cache/images/300x225/w/a/waste2.png,,,
media,/ˈmiːdɪə/,n.,Truyền thông,He became a media star for his part in the protests.,Ông ấy đã trở thành một ngôi sao truyền thông bởi sự tham gia của ông trong các cuộc biểu tình.,Media,B1,https://audio.tflat.vn/data/cache/images/300x225/m/e/media1.jpg,,,
assignment,/ə'sainmənt/,n.,"‹sự› giao việc, phân công; quy là, cho là",This assignment has to be turned in before midnight.,Công việc được giao này phải được thực hiện trước nửa đêm.,Media,B1,https://audio.tflat.vn/data/cache/images/300x225/a/s/assignment-n11.jpg,,,
choose,/tʃuːz/,v.,"Chọn, chọn lựa",It took her a long time to choose a hat.,Cô ấy phải mất một thời gian dài để chọn một cái mũ.,Media,B1,https://audio.tflat.vn/data/images_example/300x225/i/t/it_took_he_ex1_58213ca37f8b9a91078b4567.png,,,
constantly,/'kɔnstəntli/,adj.,"Luôn luôn, liên tục, liên miên",The company is constantly looking for highly trained employees.,Công ty không ngừng tìm kiếm những nhân viên được đào tạo tốt.,Media,B1,https://audio.tflat.vn/data/cache/images/300x225/c/o/constantly1.jpg,,,
constitute,/'kɔnstitju:t/,v.,"Cấu thành, tạo thành, thành lập",What constitutes success?,Điều gì tạo nên thành công?,Media,B1,https://audio.tflat.vn/data/cache/images/300x225/c/o/constitute1.png,,,
decision,/di'siʤn/,n.,Quyết định,It is time for me to make a very important decision which can change my life.,Đã đến lúc để tôi đưa ra một quyết định quan trọng có thể thay đổi cả cuộc sống của tôi.,Media,B1,https://audio.tflat.vn/data/cache/images/300x225/d/e/decision1.png,,,
disseminate,/di'semineit/,v.,"Truyền bá; phổ biến, gieo rắc (khắp nơi)",The media disseminates news across the world.,Truyền thông đại chúng phổ biến tin tức đi khắp thế giới.,Media,B1,https://audio.tflat.vn/data/cache/images/300x225/d/i/disseminate.gif,,,
impact,/ˈɪmpakt/,n.,"Sự tác động mạnh, ảnh hưởng mạnh",The story of the presidential scandal had a huge impact on the public.,Bài báo về vụ bê bối của tổng thống đã có tác động to lớn đến công chúng.,Media,B1,https://audio.tflat.vn/data/cache/images/300x225/i/m/impact1.png,,,
in-depth,/ɪn dɛpθ/,adj.,"Cẩn thận, tỉ mỉ, chu đáo, chi tiết",The newspaper gave in-depth coverage of the tragic bombing.,Tờ báo đưa tin chi tiết về vụ ném bom bi thảm.,Media,B1,https://audio.tflat.vn/data/cache/images/300x225/i/n/in-depth.jpg,,,
investigate,/in'vestigeit/,v.,"Điều tra, nghiên cứu",Reporters need to thoroughly investigate the facts before publishing their stories.,Các phóng viên cần phải điều tra kỹ lưỡng về sự kiện trước khi công bố bài báo về chúng.,Media,B1,https://audio.tflat.vn/data/cache/images/300x225/i/n/investigate2.jpg,,,
link,/liɳk/,n.,"Liên kết, chỗ nối",Police suspect there may be a link between the two murders.,Cảnh sát nghi ngờ có thể có một mối liên kết giữa hai vụ giết người.,Media,B1,https://audio.tflat.vn/data/cache/images/300x225/l/i/link1.png,,,
subscribe,/səbˈskraɪb/,v.,"Đặt mua một cái gì đó định kỳ, đăng ký",We subscribe to several sports channels (= on TV).,Chúng tôi đăng ký vào một số kênh thể thao (trên TV).,Media,B1,https://audio.tflat.vn/data/cache/images/300x225/s/u/subscribe1.jpg,,,
thorough,/'θʌrə/,adj.,"Kỹ lưỡng, tỉ mỉ",The story was the result of thorough research.,Bài báo là kết quả của sự nghiên cứu kỹ lưỡng.,Media,B1,https://audio.tflat.vn/data/cache/images/300x225/t/h/thorough1.png,,,
hospital,/ˈhɒspɪt(ə)l/,n.,Bệnh viện,This hospital is very large.,Bệnh viện này là rất lớn.,Hospitals,B1,https://audio.tflat.vn/data/cache/images/300x225/h/o/hospitals1.jpg,,,
admit,/ədˈmɪt/,v.,"Thừa nhận, cho vào",She admits being strict with her children.,Cô ấy thừa nhận đã nghiêm khắc với con cái.,Hospitals,B1,https://audio.tflat.vn/data/images_example/300x225/s/h/she_admits_ex1_56248d117f8b9a020d261804.jpg,,,
authorize,/´ɔ:θə¸raiz/,v.,"Uỷ quyền, cho phép, cho quyền",We cannot share the test results with you until we have been authorized to do so by your doctor.,Chúng tôi không thể chia sẻ kết quả xét nghiệm với anh cho đến khi chúng tôi được cho phép làm như vậy bởi bác sĩ của anh.,Hospitals,B1,https://audio.tflat.vn/data/cache/images/300x225/a/u/authorize1.jpg,,,
designate,/'dezignit/,v.,"Chỉ rõ, định rõ",This floor has been designated a no-smoking area.,Tầng này được chỉ định cấm hút thuốc.,Hospitals,B1,https://audio.tflat.vn/data/cache/images/300x225/d/e/designate1.png,,,
escort,/'esko:t/,n.ph.,Người hộ tống,You cannot leave the unit on your own; you'll have to wait for an escort.,"Anh không thể rời đơn vị (khoa...) một mình, anh phải chờ một người dẫn đường.",Hospitals,B1,https://audio.tflat.vn/data/cache/images/300x225/e/s/escort1.png,,,
identify,/aɪˈdentɪfaɪ/,v.,"Nhận diện, nhận biết, xác định",The tiny bracelets identified each baby in the nursery.,Những cái vòng tay bé xíu nhận diện từng em bé ở trong phòng dành riêng cho trẻ nhỏ.,Hospitals,B1,https://audio.tflat.vn/data/images_example/300x225/t/h/the_tiny_b_ex1_56248cf57f8b9af80c01238d.jpg,,,
mission,/ˈmɪʃən/,n.,"Sứ mệnh, nhiệm vụ",The nurse explained that the mission of everyone in the unit was to make sure the patients got well as soon as possible.,Người y tá đã giải thích rằng nhiệm vụ của mọi người trong khoa là phải đảm bảo rằng các bệnh nhân khỏi bệnh càng sớm càng tốt.,Hospitals,B1,https://audio.tflat.vn/data/images_example/300x225/t/h/the_nurse__ex1_56248d0e7f8b9a000de3d2b1.jpg,,,
permit,/pəˈmɪt/,v.,Cho phép,Smoking is not permitted anywhere inside the hospital.,Hút thuốc bị cấm ở bất kỳ đâu bên trong bệnh viện.,Hospitals,B1,https://audio.tflat.vn/data/cache/images/300x225/p/e/permit1.jpg,,,
pertinent,/'pɔ:tinənt/,adj.,"Thích hợp, thích đáng, có liên quan",He should speak a pertinent problem.,Anh ất nên nói thẳng vào vấn đề của anh ấy.,Hospitals,B1,https://audio.tflat.vn/data/cache/images/300x225/p/e/pertinent1.png,,,
procedure,/prəˈsidʒər/,n.,"Thủ tục, các bước tiến hành ",Call the hospital to schedule this procedure for tomorrow.,Hãy gọi cho bệnh viện để sắp lịch cho thủ tục này vào ngày mai.,Hospitals,B1,https://audio.tflat.vn/data/cache/images/300x225/p/r/procedure1.png,,,
result,/ri'zʌlt/,n.,"Kết quả, đáp số",The scientific results prove that the new procedure is not significantly safer than the traditional one.,Các kết quả khoa học đã chứng minh rằng thủ tục mới không an toàn hơn đáng kể so với thủ tục truyền thống.,Hospitals,B1,https://audio.tflat.vn/data/cache/images/300x225/r/e/result1.png,,,
statement,/'steitmənt/,n.,"Sự trình bày, bản kê",My bank sends me monthly statement.,Ngân hàng gởi cho tôi bản trình bày vào mỗi tháng.,Hospitals,B1,https://audio.tflat.vn/data/cache/images/300x225/s/t/statement1.png,,,
usually,/'ju:ʒuəli/,adv.,"Thường thường, thường xuyên",I'm usually home by 6 o'clock.,Tôi thường về nhà lúc 6 giờ.,Hospitals,B1,https://audio.tflat.vn/data/cache/images/300x225/u/s/usually1.png,,,
accounting,/ə'kauntiɳ/,n.,Công việc kế toán,Good accounting is needed in all businesses.,Việc kế toán tốt là cần thiết cho mọi công việc làm ăn.,Accounting,B1,https://audio.tflat.vn/data/cache/images/300x225/a/c/accounting1.jpg,,,
accountant,/əˈkaʊnt(ə)nt/,n.,Kế toán viên,"He is not sure if he owes tax on this, but is meeting his accountant this week to discuss the issue.","Ông ấy không chắc nếu ông nợ thuế về điều này, nhưng sẽ gặp kế toán của mình trong tuần này để thảo luận về vấn đề này.",Accounting,B1,https://audio.tflat.vn/data/cache/images/300x225/a/c/accountant1.jpg,,,
accumulate,/ə'kju:mjuleit/,v.,"Tích lũy, tích góp, gom góp",They have accumulated more than enough information.,Họ đã tích lũy nhiều hơn mức thông tin đủ dùng.,Accounting,B1,https://audio.tflat.vn/data/cache/images/300x225/a/c/accumulate1.png,,,
asset,/'æset/,n.,"Tài sản, của cải",The company's asset are worth millions of dollars.,Tài sản của công ty trị giá hàng triệu đô-la.,Accounting,B1,https://audio.tflat.vn/data/cache/images/300x225/a/s/asset1.png,,,
audit,/'ɔ:dit/,v.,Kiểm toán,The independent accountants audited the company's books.,"Những kế toán viên độc lập đã kiểm toán sổ sách kế toán của công ty.
",Accounting,B1,https://audio.tflat.vn/data/cache/images/300x225/a/u/audit1.png,,,
budget,/ˈbʌdʒɪt/,n.,"Ngân sách, ngân quỹ",The company will have to prepare bigger budget for this department next year.,Công ty sẽ phải dự thảo ngân sách nhiều hơn cho bộ phận này vào năm sau.,Accounting,B1,https://audio.tflat.vn/data/cache/images/300x225/b/u/budget1.jpg,,,
build up,/'bildʌp/,v.,Xây dựng dần lên,The firm has to build up a solid reputation for itself.,Công ty phải xây dựng dần lên danh tiếng vững chắc cho chính mình.,Accounting,B1,https://audio.tflat.vn/data/cache/images/300x225/b/u/build_up1.jpg,,,
client,/'klaiənt/,n.,"Khách, khách hàng","We must provide excellent services for our clients, otherwise we will lose them to our competition.","Chúng ta phải cung cấp các dịch vụ xuất sắc cho khách hàng của mình, bằng không chúng ta sẽ để mất họ vào tay đối thủ.",Accounting,B1,https://audio.tflat.vn/data/cache/images/300x225/c/l/client1.jpg,,,
debt,/det/,n.,"Nợ, món nợ",The banks are worried about your increasing debt.,Các ngân hàng lo lắng về khoản nợ đang gia tăng của anh.,Accounting,B1,https://audio.tflat.vn/data/cache/images/300x225/d/e/debt1.jpg,,,
outstanding,/aut'stændiɳ/,adj.,"Còn tồn tại, chưa giải quyết xong, chưa trả nợ",She has outstanding debts of over £500.,Cô ấy còn khoản nợ hơn 500 triệu bảng Anh.,Accounting,B1,https://audio.tflat.vn/data/cache/images/300x225/o/u/outstanding1.jpg,,,
profitably,/ˌprɒfɪtəˈbɪləti/,adv.,"Có lợi, có ích, sinh lãi, sinh lợi",We invested in the stock market profitably.,Công ty đã đầu tư sinh lợi vào thị trường chứng khoán.,Accounting,B1,https://audio.tflat.vn/data/cache/images/300x225/p/r/profitably1.jpg,,,
reconcile,/'rekənsail/,v.,"Chỉnh lý, làm cho phù hợp/nhất trí, hòa giải",The accountant found the error when she reconcile the account.,Nhân viên kế toán tìm ra lỗi khi cô ấy chỉnh lý tài khoản (sửa lại tài khoản cho đúng).,Accounting,B1,https://audio.tflat.vn/data/cache/images/300x225/r/e/reconcile1.jpg,,,
turnover,/ˈtɜːnəʊvə(r)/,n.,"Doanh số, doanh thu",An annual turnover of $75 million.,Doanh thu hàng năm là $ 75.000.000.,Accounting,B1,https://audio.tflat.vn/data/cache/images/300x225/t/u/turnover1.jpg,,,
assemble,/ə'sembl/,v.,"Thu thập, tập hợp, lắp ráp",All the students were asked to assemble in the main hall.,Tất cả các sinh viên được yêu cầu tập hợp ở hội trường chính.,Correspondence,B1,https://audio.tflat.vn/data/cache/images/300x225/a/s/assemble1.png,,,
beforehand,/bi'fɔ:hænd/,adv.,"Có sẵn, trước","To speed up the mailing, we should prepare the labels beforehand.","Để tăng tốc gửi thư, chúng ta nên chuẩn bị nhãn trước.",Correspondence,B1,https://audio.tflat.vn/data/cache/images/300x225/b/e/beforehand1.jpg,,,
complication,/ˌkɑːmplɪˈkeɪʃn/,n.,"Sự phức tạp, sự rắc rối",She will have to spend two more days in the hospital due to complications during the surgery.,Cô sẽ phải mất hai ngày nữa trong bệnh viện do biến chứng trong khi phẫu thuật.,Correspondence,B1,https://audio.tflat.vn/data/cache/images/300x225/c/o/complication.jpg,,,
courier,/'kuriə/,n.,"Người đưa thư, người chuyển phát",We hired a courier to deliver the package.,Chúng tôi đã thuê một người đưa thư để phân phát các kiện hàng.,Correspondence,B1,https://audio.tflat.vn/data/cache/images/300x225/c/o/courier1.png,,,
express,/iks'pres/,adj.,"Nhanh, hỏa tốc, tốc hành.","It's important that this document be there tomorrow, so please send it express mail.","Việc tài liệu này phải có ở chổ ngày mai vì nó rất quan trọng, do đó nên hãy gửi thư chuyển phát nhanh.",Correspondence,B1,https://audio.tflat.vn/data/cache/images/300x225/e/x/express1.png,,,
fold,/fould/,v.,"Gập, gấp",You should fold the omelette in half.,Bạn nên gập trứng rán làm đôi.,Correspondence,B1,https://audio.tflat.vn/data/images_example/300x225/y/o/you_should_ex1_56248d157f8b9a040dc65e74.jpg,,,
layout,/ˈleɪaʊt/,n.,Sự bố trí trang giấy,There is no single correct layout for business letters.,Trong thư thương mại thì không có bổ cục nào là chuẩn hoàn toàn hết cả.,Correspondence,B1,https://audio.tflat.vn/data/cache/images/300x225/l/a/layout1.png,,,
mention,/'menʃn/,v.,"Nói đến, đề cập đếm, đề xuất",You should mention in the letter that we can arrange for mailing the brochures as well as printing them.,Anh nên đề cập trong thư rằng chúng ta có thể thu xếp gửi (thư) tờ bướm cũng như là in ấn chúng.,Correspondence,B1,https://audio.tflat.vn/data/cache/images/300x225/m/e/mention1.jpg,,,
petition,,n.," đơn kiến nghị, đơn thỉnh cầu",The petition was photocopied and distributed to workers who will collect the neccessary signatures,Đơn kiến nghị được photocopy và phân phát đến những công nhân nào sẽ thu thập chữ ký cần thiết.,Correspondence,B1,https://audio.tflat.vn/data/cache/images/300x225/p/e/petition-n1.jpg,,,
proof,/proof/,n.,"Bằng chứng, chứng cớ",These results are a further proof of his ability.,Những kết quả này là một bằng chứng nữa về khả năng của ông.,Correspondence,B1,https://audio.tflat.vn/data/cache/images/300x225/p/r/proof1.png,,,
register,/'redʤistə/,v.,Đăng ký,You can register this mail for an additional $2.2.,Anh ấy có thể gửi đảm bảo thư này với một khoản 2.2 đô-la phí bổ sung.,Correspondence,B1,https://audio.tflat.vn/data/cache/images/300x225/r/e/register1.jpg,,,
revise,/ri'vaiz/,v.,"Đọc lại, xem lại, duyệt lại, sửa lại (bản in thử, đạo luật...)",The brochure was revised several times before it was sent to the printer.,Tờ bướm được duyệt lại vài lần trước khi nó được gửi đi in.,Correspondence,B1,https://audio.tflat.vn/data/cache/images/300x225/r/e/revise1.png,,,
burden,/'bə:dn/,n.,Gánh nặng,"I never consider looking after my elderly parents as a burden, but a token of gratitude.","Tôi không bao giờ coi việc chăm sóc bố mẹ già là một gánh nặng, mà coi đó là biểu hiện của lòng biết ơn.",Ordering Lunch,B1,https://audio.tflat.vn/data/cache/images/300x225/b/u/burden2.jpg,,,
commonly,/'kɔmənli/,adv.,"Thường thường, thông thường",The restaurants in this area commonly serve office workers and are only open during the week.,Nhà hàng trong khu này thường phục vụ nhân viên văn phòng và thường mở cửa suốt tuần.,Ordering Lunch,B1,https://audio.tflat.vn/data/cache/images/300x225/c/o/commonly1.jpg,,,
delivery,/dɪˈlɪvəri/,n.,"Sự giao hàng, sự phân phối",The caterer hired a courier to make the delivery.,Nhà cung cấp thực phẩm đã thuê một người đưa tin để thực hiện việc giao hàng.,Ordering Lunch,B1,https://audio.tflat.vn/data/cache/images/300x225/d/e/delivery1.png,,,
elegance,/'eligəns/,n.,"Tính thanh lịch, tính tao nhã",The elegance of the restaurant made it a pleasant place to eat.,Sự thanh lịch của nhà hàng khiến nó là một nơi thú vị để ăn uống.,Ordering Lunch,B1,https://audio.tflat.vn/data/cache/images/300x225/e/l/elegance1.jpg,,,
fall to,/fɔːl tuː/,v.,Trở thành trách nhiệm của,The tasks of preparing the meal fall to the assistant chef when the chief chef was ill.,Nhiệm vụ nấu ăn rơi vào tay của phụ bếp khi mà người đầu bếp bị bệnh.,Ordering Lunch,B1,https://audio.tflat.vn/data/cache/images/300x225/f/a/fall_to1.jpg,,,
impress,/ɪmˈpres/,v.,"Gây ấn tượng, để lại ấn tượng",She was really impressed by the beauty of the city at night.,Cô ấy đã thực sự bị ấn tượng bởi vẻ đẹp của thành phố về đêm.,Ordering Lunch,B1,https://audio.tflat.vn/data/images_example/300x225/s/h/she_was_re_ex1_56248cff7f8b9afc0c297ffd.jpg,,,
individual,"/,indi'vidjuəl/",adj.,"Cá nhân, riêng biệt",We had the delivery man mark the contents of each individual order.,Chúng tôi đã được người giao hàng đánh dấu nội dung cho mỗi đơn hàng riêng biệt.,Ordering Lunch,B1,https://audio.tflat.vn/data/cache/images/300x225/i/n/individual1.png,,,
list,/list/,n.,Danh sách,I have to buy the food on the list.,Tôi phải mua thực phẩm trong danh sách.,Ordering Lunch,B1,https://audio.tflat.vn/data/cache/images/300x225/l/i/list1.jpg,,,
multiple,/'mʌltipl/,adj.,"Nhiều, bội số",a house in multiple ownership/occupancy (= owned/occupied by several different people or families),căn nhà thuộc nhiều người sở hữu,Ordering Lunch,B1,https://audio.tflat.vn/data/cache/images/300x225/m/u/multiple1.png,,,
narrow,/'nærou/,v.,"Thu hẹp, co lại","This restaurant delivers only pizza and sandwiches, so that certainly narrows down the choices.","Nhà hàng này chỉ giao hàng pizza và sandwich, hẳn nhiên là đã làm thu hẹp các chọn lựa.",Ordering Lunch,B1,https://audio.tflat.vn/data/cache/images/300x225/n/a/narrow1.png,,,
pick up,/'pikʌp/,phr.v.,Đón (ai đó),I'll pick you up at five o'clock.,Tôi sẽ đón bạn lúc 5 giờ.,Ordering Lunch,B1,https://audio.tflat.vn/data/cache/images/300x225/p/i/pick_up1.jpg,,,
settle,/'setl/,v.,"Ngồi, đậu, bố trí, định cư, làm ăn sinh sống; giải quyết, hòa giải, dàn xếp",We settle the bill with the cashier.,Chúng tôi thanh toán hóa đơn với người thủ quỹ.,Ordering Lunch,B1,https://audio.tflat.vn/data/cache/images/300x225/s/e/settle2.jpg,,,
deal with,/diːl wɪð/,v.,"Giải quyết, đối phó, xử lý; bàn về cái gì, thỏa thuận về cái gì",Ticket agents must courteously deal with irate customers.,Đại lý bán vé phải đối xử nhã nhặn với những khách hàng nổi giận.,Airlines,B1,https://audio.tflat.vn/data/cache/images/300x225/d/e/deal_with1.jpg,,,
destination,"/,desti'neiʃn/",n.,"Nơi đến, nơi tới, đích đến, mục đích",The next destination is Ha Long bay.,Điểm đến tiếp theo là vịnh Hạ Long.,Airlines,B1,https://audio.tflat.vn/data/cache/images/300x225/d/e/destination.jpg,,,
distinguish,/dis'tiɳgwiʃ/,v.,"Phân biệt, nhận ra, nhận biết; phân thành, chia thành, xếp thành loại",We must distinguish between two kinds of holidays.,Chúng ta phải phân biệt giữa hai loại lễ.,Airlines,B1,https://audio.tflat.vn/data/cache/images/300x225/d/i/distinguish2.jpg,,,
economize,/i:'kɔnəmaiz/,v.,"Tiết kiệm, giảm chi",My travel agent knows I like to economize and always looks out for the best prices for me.,Người đại lý du lịch của tôi biết tôi thích tiết kiệm và luôn tìm cho tôi giá tốt nhất.,Airlines,B1,https://audio.tflat.vn/data/cache/images/300x225/e/c/economize1.png,,,
equivalent,/i'kwivələnt/,adj.,Tương đương,The food the airline serves in business class is equivalent to that served in first class.,Đồ ăn mà hãng hàng không phục vụ cho vé hạng thường thì tương đương với đồ ăn được phục vụ cho vé hạng nhất.,Airlines,B1,https://audio.tflat.vn/data/images_example/300x225/t/h/the_food_t_ex1_56248d167f8b9a040dc66170.png,,,
excursion,/iks'kə:ʃn/,n.,"Cuộc đi tham quan, cuộc đi chơi tập thể",There are regular weekend excursions throughout the summer.,Có chuyến du ngoạn cuối tuần thường xuyên trong suốt mùa hè.,Airlines,B1,https://audio.tflat.vn/data/cache/images/300x225/e/x/excursion1.png,,,
expense,/iks'pens/,n.,Chi phí,Buying a new house needs a lot of expense.,Mua một ngôi nhà mới cần rất nhiều chi phí.,Airlines,B1,https://audio.tflat.vn/data/cache/images/300x225/e/x/expense1.png,,,
extend,/iks'tend/,v.,"Gia hạn, kéo dài (thời hạn...)",There are plans to extend the subway line in this city.,Có kế hoạch để mở rộng đường tàu điện ngầm trong thành phố này.,Airlines,B1,https://audio.tflat.vn/data/cache/images/300x225/e/x/extend1.png,,,
prospective,/prəˈspektɪv/,adj.,"(thuộc) tương lai, triển vọng; về sau, sắp tới",I narrowed my list of prospective destinations to my three top choices.,Tôi rút gọn danh sách các điểm đến triển vọng đối với tôi xuống còn 3 chọn lựa.,Airlines,B1,https://audio.tflat.vn/data/cache/images/300x225/p/r/prospective.jpg,,,
situation,"/,sitju'eiʃn/",n.,"Tình hình, vị thế",The airline suggested I check with the State Department regarding the political situation in the country I'm flying to.,Hãng hàng không đã đề nghị tôi kiểm tra với Bộ Ngoại giao Mỹ về tình hình chính trị ở quốc gia mà tôi đang bay đến.,Airlines,B1,https://audio.tflat.vn/data/cache/images/300x225/s/i/situation1.png,,,
substantially,/səb'stænʃəli/,adv.,"Về thực chất, về bản chất, về cơ bản; lớn lao, đáng kể",The airline I work for had a substantially higher rating for customer satisfaction than our competitors had.,Hãng hàng không mà tôi đang làm việc có thứ hạng về sự hài lòng của khách hàng cao hơn đáng kể thứ hạng mà các đối thủ có.,Airlines,B1,https://audio.tflat.vn/data/cache/images/300x225/s/u/substantially2.jpg,,,
system,/ˈsɪstəm/,n.,"Hệ thống, chế độ",The airline system covers the entire world with flights.,Hệ thống hàng không trải ra/bao trùm toàn bộ thế giới bằng các chuyến bay.,Airlines,B1,https://audio.tflat.vn/data/images_example/300x225/t/h/the_airlin_ex1_56248d167f8b9a040dc6618c.jpg,,,
accurately,/ˈækjərət/,adv.,"‹một cách› chính xác, đúng đắn, xác đáng",The teacher evaluates student's ability accurately.,Giáo viên đánh giá chính xác khả năng của học sinh. ,Shipping,B1,https://audio.tflat.vn/data/images_example/300x225/t/h/the_teache_ex1_56248d157f8b9a040dc65f30.jpg,,,
carrier,/'kæriə/,n.,"‹người/công ty› vận chuyển, vận tải","Lou, our favorite carrier, takes extra care of our boxes marked 'fragile'.","Lou, người vận chuyển ưa thich của chúng tôi, đã phải cẩn thận hơn thường lệ với những cái hộp của chúng tôi có dán nhãn ""Dễ vỡ"".",Shipping,B1,https://audio.tflat.vn/data/images_example/300x225/l/o/lou_our_fa_ex1_56248d157f8b9a040dc65f34.jpg,,,
fulfill,/ful'fil/,v.,"Thực hiện, thi hành; hoàn thành, làm tròn",I fulfilled my promise to treat him to dinner.,Tôi đã thực hiện lời hứa của mình là đãi cậu ấy bữa tối. ,Shipping,B1,https://audio.tflat.vn/data/images_example/300x225/i/_/i_fulfille_ex1_580de4697f8b9a84688b45a1.jpg,,,
catalog,/ˈkat(ə)lɒg/,v.,Phân thành từng mục,Ellen cataloged the complaints according to severity.,Ellen chia thành từng mục các lời phàn nàn tùy theo tính nghiêm trọng.,Shipping,B1,https://audio.tflat.vn/data/images_example/300x225/e/l/ellen_cata_ex1_56248d157f8b9a040dc65f38.jpg,,,
integral,/'intigrəl/,adj.,"Cần thiết, không thể thiếu",The battery is an integral part of a watch and without it you would not know the time.,Pin là một phần không thể thiếu của đồng hồ và nếu không có nó bạn sẽ không biết được thời gian.,Shipping,B1,https://audio.tflat.vn/data/images_example/300x225/t/h/the_batter_ex1_56248d157f8b9a040dc65f3c.jpg,,,
minimize,/'minimaiz/,v.,"Giảm thiểu, tối thiểu hóa",The authority must find urgent solutions to minimize pollution.,Chính quyền phải tìm giải pháp cấp bách để giảm thiểu tối đa ô nhiễm.,Shipping,B1,https://audio.tflat.vn/data/images_example/300x225/t/h/the_author_ex1_56248cfb7f8b9afa0cb17e28.jpg,,,
inventory,/in'ventri/,n.,‹sự/bản› kiểm kê hàng hóa ,The store closes one day a year so that the staff can take inventory of the stockroom.,Cửa hàng đóng cửa 1 ngày mỗi năm để cho nhân viên có thể thực hiện kiểm kê kho hàng.,Shipping,B1,https://audio.tflat.vn/data/cache/images/300x225/i/n/inventory1.jpg,,,
on hand,/ɒn hænd/,adj.,"Có thể dùng được, có sẵn",Do you have any aspirin on hand?,Bạn có sẵn viên thuốc aspirin nào không vậy?,Shipping,B1,https://audio.tflat.vn/data/images_example/300x225/d/o/do_you_hav_ex1_580ecade7f8b9ae3898b4589.jpg,,,
remember,/ri'membə/,v.,"Nhớ, ghi nhớ",Please remember to turn off the light before you go home.,Hãy nhớ tắt đèn trước khi bạn về nhà.,Shipping,B1,https://audio.tflat.vn/data/images_example/300x225/p/l/please_rem_ex1_56248ced7f8b9af60c142c87.jpeg,,,
ship,/ʃip/,v.,Vận chuyển,"Eva shipped the package carefully, since she knew the contents were made of glass.","Eva đã chuyển hàng một cách cẩn thận, bởi vì cô biết bên trong được làm bằng thủy tinh.",Shipping,B1,https://audio.tflat.vn/data/images_example/300x225/e/v/eva_shippe_ex1_56248d157f8b9a040dc65f44.jpg,,,
sufficiently,/səˈfɪʃnt/,adv.,"Đủ, có đủ",Two stars are sufficiently close together.,Hai ngôi sao đủ gần nhau. ,Shipping,B1,https://audio.tflat.vn/data/images_example/300x225/t/w/two_stars__ex1_580de46a7f8b9a84688b45a4.jpg,,,
supply,/sə'plai/,n.,"‹sự/đồ/nguồn/_› dự trữ, tiếp tế cấp","By making better use of our supply, we can avoid ordering until next month.","Bằng cách dùng tốt hơn đồ dự trữ của mình, chúng tôi khỏi phải đặt hàng cho đến tháng tới.",Shipping,B1,https://audio.tflat.vn/data/images_example/300x225/b/y/by_making__ex1_56248d157f8b9a040dc65f4c.jpg,,,
action,/ˈækʃn/,n.,"Hành động, hoạt động",I like action films.,Tôi thích phim hành động.,Theater,B1,https://audio.tflat.vn/data/cache/images/300x225/a/c/action1.png,,,
approach,/əˈproʊtʃ/,v.,"Tiếp cận, tiến lại gần","If you look out of the window, you will see the sun approaching.","Nếu bạn nhìn ra cửa sổ, bạn sẽ thấy mặt trời đang tiến lại gần.",Theater,B1,https://audio.tflat.vn/data/cache/images/300x225/a/p/approach1.png,,,
audience,/ˈɔːdiəns/,n.,Khán giả,Millions of audiences all over the world enjoy this programme.,Hàng triệu khán giả trên toàn thế giới yêu thích chương trình này.,Theater,B1,https://audio.tflat.vn/data/cache/images/300x225/a/u/audience1.jpg,,,
creative,/kriˈeɪtɪv/,adj.,Sáng tạo,You are so creative! I have never seen any pictures like this before.,Cậu thật là sáng tạo! Tớ chưa bao giờ nhìn thấy bức tranh nào như này trước đây cả.,Theater,B1,https://audio.tflat.vn/data/cache/images/300x225/c/r/creative1.png,,,
dialogue,/'daiəlɔg/,n.,Cuộc đối thoại,The actors performed the dialogue without using scripts.,Các diễn viên trình diễn cuộc đối thoại mà không dùng kịch bản.,Theater,B1,https://audio.tflat.vn/data/cache/images/300x225/d/i/dialogue1.png,,,
element,/'elimənt/,n.,Yếu tố,The audience is an essential element of live theater.,Khán giả là một yếu tố thiết yếu của nhà hát sống (nhà hát trực tiếp).,Theater,B1,https://audio.tflat.vn/data/images_example/300x225/_/t/_the_audie_ex1_56248d167f8b9a040dc66204.jpg,,,
experience,/ɪkˈspɪriəns/,n.,Kinh nghiệm,Do you have any experience in teaching children?,Bạn có kinh nghiệm dạy trẻ con không?,Theater,B1,https://audio.tflat.vn/data/cache/images/300x225/e/x/experience1.jpg,,,
occur,/əˈkɜː/,v.,Xảy ra,The tsunami occurred at about 3.30 p.m.,Vụ sóng thần xảy ra vào lúc khoảng 3:30 chiều.,Theater,B1,https://audio.tflat.vn/data/cache/images/300x225/o/c/occur1.jpg,,,
perform,/pəˈfɔːm/,v.,"Biểu diễn, trình diễn",A water puppet show is performed in a pool.,Chương trình múa rối nước được biểu diễn trong một cái bể nước.,Theater,B1,https://audio.tflat.vn/data/images_example/300x225/a/_/a_water_pu_ex1_56248cf57f8b9af80c012359.jpg,,,
rehearse,/rɪˈhɜːs/,v.,Diễn tập,"Today, we'll just rehearse the final scene.","Hôm nay, chúng tôi sẽ chỉ tập luyện cảnh cuối cùng.",Theater,B1,https://audio.tflat.vn/data/cache/images/300x225/r/e/rehearse1.png,,,
review,/rɪˈvjuː/,n.,"Bài đánh giá, lời đánh giá",The film received generally positive reviews.,Bộ phim nhìn chung đã nhận được nhiều lời đánh giá tích cực.,Theater,B1,https://audio.tflat.vn/data/cache/images/300x225/r/e/review1.jpeg,,,
sell out,/'selaut/,v.,Hết vé,The tickets sold out within hours.,Các vé đã được bán hết trong vài giờ.,Theater,B1,https://audio.tflat.vn/data/cache/images/300x225/s/e/sell_out1.jpg,,,
annually,/'ænjuəli/,adv.,"Hàng năm, từng nằm, thường niên (yearly)",Everyone should get a physical exam annually.,Mọi người nên đi khám sức khỏe hàng năm.,Doctor's Office,B1,https://audio.tflat.vn/data/cache/images/300x225/a/n/annually2.jpg,,,
appointment,/ə'pɔintmənt/,n.,"Cuộc hẹn, sự hẹn gặp",I've got a dentist appointment at 3 o'clock.,Tôi đã có một cuộc hẹn với nha sĩ lúc 03:00.,Doctor's Office,B1,https://audio.tflat.vn/data/cache/images/300x225/a/p/appointment2.jpg,,,
assess,/ə'ses/,v.,"Đánh giá, ước lượng ",The insurance rate Mr. Victor was assessed went up this year after he admitted that he had started smoking again.,Mức phí bảo hiểm mà ông Victor được định giá tăng lên sau khi ông thú nhận đã bắt đầu hút thuốc trở lại.,Doctor's Office,B1,https://audio.tflat.vn/data/cache/images/300x225/a/s/assess1.png,,,
diagnose,/´daiəg¸nouz/,v.,Chuẩn đoán,"After considering the patient's symptoms and looking at his test results, the doctor diagnosed the lump as benign.","Sau khi cân nhắc các triệu chứng của bệnh nhân và xem kết quả xét nghiệm của anh ta, vị bác sĩ đã chẩn đoán khối u là u lành.",Doctor's Office,B1,https://audio.tflat.vn/data/cache/images/300x225/d/i/diagnose1.png,,,
effective,/ɪˈfektɪv/,adj.,"Có hiệu quả, có tác dụng",Howard was pleased to find that the diet recommended by his doctor was quite effective.,Howard đã đã cảm thấy hài lòng khi chế độ ăn kiêng được bác sĩ dặn đã hoàn toàn có hiệu quả.,Doctor's Office,B1,https://audio.tflat.vn/data/cache/images/300x225/e/f/effective1.jpg,,,
instrument,/'instrumənt/,n.,"Dụng cụ, công cụ",The senior physician carried his instruments in a black leather bag.,Người thầy thuốc thâm niên mang những dụng cụ của mình trong một cái túi da màu đen.,Doctor's Office,B1,https://audio.tflat.vn/data/images_example/300x225/t/h/the_senior_ex1_56248d167f8b9a040dc6624c.jpg,,,
manage,/'mænidʤ/,v.,"Quán lý, điều hành",I managed to pass the exams.,Tôi đã xoay sở vượt qua được các kỳ thi.,Doctor's Office,B1,https://audio.tflat.vn/data/cache/images/300x225/m/a/manage1.png,,,
prevent,/prɪˈvent/,v.,"Ngăn ngừa, phòng ngừa",This vaccine can prevent having some common childhood diseases.,Loại vắc-xin này có thể phòng ngừa một số loại bệnh thường gặp ở trẻ nhỏ.,Doctor's Office,B1,https://audio.tflat.vn/data/cache/images/300x225/p/r/prevent1.png,,,
recommendation,"/,rekəmen'deiʃn/",n.,"Lời dặn dò, đề nghị ",It is important to follow the doctor's recommendations if you want to improve your health.,Thật quan trọng để làm theo những dặn dò của bác sĩ nếu bạn muốn cải thiện sức khỏe.,Doctor's Office,B1,https://audio.tflat.vn/data/cache/images/300x225/r/e/recommendation.png,,,
record,/´rekərd/,n.,"Hồ sơ, sổ sách, biên bản",You should keep a record of your expenses.,Bạn nên lưu trữ lại hồ sơ lưu trữ chi phí khám bệnh của bạn.,Doctor's Office,B1,https://audio.tflat.vn/data/images_example/300x225/y/o/you_should_ex1_56248cf57f8b9af80c0121ad.jpg,,,
refer,/ri'fə:/,v.,"Quy vào, nói đến","As soon as Agnes referred to the failed treatment, everyone's mood soured.","Ngay khi Agnes quy cho việc thất bại là do điều trị, tâm trạng của mọi người đã tỏ ra cáu kỉnh.",Doctor's Office,B1,https://audio.tflat.vn/data/cache/images/300x225/r/e/refer1.png,,,
serious,/'siəriəs/,adj.,Nghiêm túc,We are always serious when working.,Chúng tôi luôn nghiêm túc khi làm việc.,Doctor's Office,B1,https://audio.tflat.vn/data/cache/images/300x225/s/e/serious1.png,,,
event,/ɪˈvent/,n.,Sự kiện,What is the event in the Sports programme today?,Sự kiện trong chương trình thể thao hôm nay là gì?,Events,B1,https://audio.tflat.vn/data/images_example/300x225/w/h/what_is_th_ex1_56248cf47f8b9af80c011f5d.png,,,
assist,/ə'sist/,v.,"Giúp đỡ, có mặt",Bonnie hired a secretary to assist her with the many details of the event.,Bonnie đã thuê một thư ký để trợ giúp cô về rất nhiều chi tiết của sự kiện.,Events,B1,https://audio.tflat.vn/data/cache/images/300x225/a/s/assist1.png,,,
coordinate,/kou'ɔ:dneit/,v.,Kết hợp,You should coordinate your activities with those of other groups.,Em nên kết hợp hoạt động của các em với hoạt động của các nhóm khác.,Events,B1,https://audio.tflat.vn/data/cache/images/300x225/c/o/coordinate1.png,,,
dimension,/di'menʃn/,n.,"Kích thước, khổ",What are the dimensions of the ballroom?,Kích thước của phòng nhảy ra sao?,Events,B1,https://audio.tflat.vn/data/cache/images/300x225/d/i/dimension1.png,,,
exact,/ig'zækt/,adj.,"Chính xác, đúng dắn",We will need an exact head count by noon tomorrow.,Chúng tôi cần biết tổng số đầu người chính xác trước trưa ngày mai.,Events,B1,https://audio.tflat.vn/data/cache/images/300x225/e/x/exact1.png,,,
general,/'dʤenərəl/,adj.,"Chung, tổng quát",We have a general idea of how many guests will attend.,Chúng tôi có một hình dung chung chung về việc có bao nhiêu vị khách sẽ tham dự.,Events,B1,https://audio.tflat.vn/data/cache/images/300x225/g/e/general-clone11.jpg,,,
ideally,/ai'diəli/,adv.,Một cách lý tưởng,The location for the concert would ideally have plenty of parking.,Chỗ địa điểm cho buổi hòa nhạc lý tưởng nên có nhiều chỗ đậu xe.,Events,B1,https://audio.tflat.vn/data/cache/images/300x225/i/d/ideally1.jpg,,,
lead time,/ˈliːdtʌɪm/,n.,Khoảng thời gian ở giữa sự bắt đầu và sự hoàn thành của một quá trình,The lead time for reservations is unrealistic.,Khoảng thời gian cho quá trình đặt chỗ diễn ra là phi thực tế.,Events,B1,https://audio.tflat.vn/data/cache/images/300x225/l/e/lead_time1.jpg,,,
plan,/plæn/,n.,"Kế hoạch, dự án",Do you have any plans for the summer?,Bạn có kế hoạch nào cho mùa hè không?,Events,B1,https://audio.tflat.vn/data/cache/images/300x225/p/l/plan1.jpg,,,
proximity,/prɔk´simiti/,n.,"Sắp xỉ, sự gần gũi",The fans were worried by the proximity of the storm clouds.,Những người hâm mộ lo lắng bởi đám mây báo bão đến gần.,Events,B1,https://audio.tflat.vn/data/cache/images/300x225/p/r/proximity1.jpg,,,
regulate,/ˈregjʊleɪt/,v.,Điều chỉnh,The activities of credit companies are regulated by law.,Các hoạt động của các công ty tín dụng được điều chỉnh bởi pháp luật.,Events,B1,https://audio.tflat.vn/data/cache/images/300x225/r/e/regulate1.jpg,,,
site,/saɪt/,n.,Địa điểm,This is one of the historic and cultural sites of Vietnam.,Đây là một trong những địa điểm văn hóa và lịch sử của Việt Nam.,Events,B1,https://audio.tflat.vn/data/cache/images/300x225/s/i/site1.jpg,,,
stage,/steɪdʒ/,n.,"Trình diễn, dàn cảnh; sắp xếp, tổ chức",A historic house can be the perfect site to stage a small reception.,Một ngôi nhà lịch sử có thể là một nơi lý tưởng để tổ chức một cuộc chiêu đãi nhỏ.,Events,B1,https://audio.tflat.vn/data/cache/images/300x225/s/t/stage1.jpg,,,
abundant,/ə'bʌndənt/,adj.,"Nhiều, phong phú, thừa",The computer analyst was glad to have chosen a field in which jobs were abundant.,Người phân tích máy tính hài lòng vì đã chọn một lãnh vực mà trong đó việc làm rất nhiều.,Job Ads & Recruitment,B1,https://audio.tflat.vn/data/cache/images/300x225/a/b/abundant1.jpg,,,
accomplishment,/ə'kɔmpliʃmənt/,n.,"Thành tựu, thành tích; sự hoàn thành, sự làm xong",The success of the company was based on its early accomplishments.,Sự thành công của công ty được dựa trên những thành tựu trước đó của nó.,Job Ads & Recruitment,B1,https://audio.tflat.vn/data/cache/images/300x225/a/c/accomplishment2.jpg,,,
bring together,/brɪŋ təˈɡɛðə/,v.,"Gom lại, nhóm lại, họp lại",Our goal this year is to bring together the most creative group we can find.,Mục tiêu của chúng tôi trong năm nay họp thành một sáng tạo nhất.,Job Ads & Recruitment,B1,https://audio.tflat.vn/data/cache/images/300x225/b/r/bring_together.png,,,
candidate,/'kændidit/,n.,"Ứng cử viên, thí sinh, người dự tuyển",All of the candidates were ready for the competition.,Tất cả các ứng cử viên đã sẵn sàng cho cuộc thi.,Job Ads & Recruitment,B1,https://audio.tflat.vn/data/cache/images/300x225/c/a/candidate1.jpg,,,
come up with,/kʌm ʌp wɪð/,,"Đưa ra, phát hiện, khám phá, ý định","In order for that small business to succeed, it needs to come up with a new strategy.",Để những doanh nghiệp nhỏ có thể thành công thì nó cần đưa ra một chiến lược mới.,Job Ads & Recruitment,B1,https://audio.tflat.vn/data/cache/images/300x225/c/o/come_up_with2.jpg,,,
commensurate,/kə'menʃərit/,adj.,"(+with) xứng với, tương xứng với",Generally the first year's salary is commensurate with experience and education level.,Nói chung thì tiền lương năm đầu tiên tương xứng với kinh nghiệm và trình độ học vấn.,Job Ads & Recruitment,B1,https://audio.tflat.vn/data/cache/images/300x225/c/o/commensurate.jpg,,,
match,/mætʃ/,n.,Người ngang tài ngang sức,It is difficult to make a decision when both candidates seem to be a perfect match.,Thật là khó đưa ra quyết định khi mà cả 2 ứng viên dường như ngang sức ngang tài.,Job Ads & Recruitment,B1,https://audio.tflat.vn/data/cache/images/300x225/m/a/match-n1.jpg,,,
profile,/ˈprəʊfaɪl/,n.,"Tiểu sử sơ lược, bản tóm lược các đặc tính","The recruiter told him that, unfortunately, he did not fit the job profile.","Người tuyển dụng nói rằng, thật không may, anh ta không hợp với bản tóm lược công việc.",Job Ads & Recruitment,B1,https://audio.tflat.vn/data/cache/images/300x225/p/r/profile1.png,,,
qualification,"/,kwɔlifi'keiʃn/",n.,"Năng lực, trình độ (để làm cái gì)",It is easy for him to find a good job with such good qualifications.,Rất dễ dàng cho anh ta để tìm một công việc tốt với trình độ tốt như vậy.,Job Ads & Recruitment,B1,https://audio.tflat.vn/data/cache/images/300x225/q/u/qualification.jpg,,,
recruit,/ri'kru:t/,n.,"Lính mới, nhân viên mới, thành viên mới",The new recruits spent the entire day in training.,Những nhân viên mới đã dành ra cả ngày để rèn luyện.,Job Ads & Recruitment,B1,https://audio.tflat.vn/data/cache/images/300x225/r/e/recruit1.jpg,,,
submit,/səb'mit/,v.,"Trình, đệ trình; biện hộ",Please submit your résumé to the human resources department.,Hãy nộp sơ yếu lý lịch của anh cho bộ phận nhân sự (bộ phận nguồn nhân lực).,Job Ads & Recruitment,B1,https://audio.tflat.vn/data/cache/images/300x225/s/u/submit1.png,,,
time-consuming,/tʌɪm kənˈsjuːmɪŋ/,adj.,"Tốn nhiều thời gian, dài dòng",Playing computer games is time-consuming.,Chơi các trò chơi máy tính tốn nhiều thời gian.,Job Ads & Recruitment,B1,https://audio.tflat.vn/data/cache/images/300x225/t/i/time-consuming.jpg,,,
agent,/ˈeɪdʒənt/,n.,Đại lý,A travel agent can usually find you the best deals on tickets and hotels.,Đại lý du lịch thường có thể tìm cho bạn những giao dịch tốt nhất vè vé và khách sạn.,General Travel,B1,https://audio.tflat.vn/data/images_example/300x225/a/_/a_travel_a_ex1_56248d167f8b9a040dc66154.jpg,,,
announcement,/ə'naunsmənt/,n.,‹sự/lời› thông báo,Did you hear an announcement about our new departure time?,Anh đã nghe thông báo về giờ khởi hành mới của chúng ta chưa?,General Travel,B1,https://audio.tflat.vn/data/cache/images/300x225/a/n/announcement.jpg,,,
beverage,/'bəvəridʤ/,n.,Đồ uống,The flight attendant offered all passengers a cold beverage during the flight.,Tiếp viên hành không đã mời mọi hành khách một thức uống lạnh trong suốt chuyển bay.,General Travel,B1,https://audio.tflat.vn/data/cache/images/300x225/b/e/beverage1.png,,,
blanket,/ˈblæŋkɪt/,v.,Phủ lên,The snow blanketed the windshield making it difficult to see the roads.,"Tuyết bao phủ kính chắn gió, khiến cho việc nhìn thấy đường sá rất khó.",General Travel,B1,https://audio.tflat.vn/data/images_example/300x225/t/h/the_snow_b_ex1_56248d007f8b9afc0c2980bd.jpg,,,
board,/bɔ:d/,v.,Lên tàu / máy bay / xe lửa,Passengers are waiting to board.,Các hành khách đang chờ để lên máy bay.,General Travel,B1,https://audio.tflat.vn/data/cache/images/300x225/b/o/board-clone11.jpg,,,
claim,/kleɪm/,v.,"Đòi, đòi quyền, nhận là, tự cho là",I don't claim to be an expert.,Tôi không tự cho là một chuyên gia.,General Travel,B1,https://audio.tflat.vn/data/images_example/300x225/_/i/_i_dont_cl_ex1_56248d027f8b9afc0c29844d.png,,,
delay,/di'lei/,v.,"Trì hoãn, hoãn lại","He delayed telling her the news, waiting for the right moment.","Anh trì hoãn nói cho cô ấy tin, chờ đợi đúng thời điểm.",General Travel,B1,https://audio.tflat.vn/data/cache/images/300x225/d/e/delay1.jpg,,,
depart,/di'pɑ:t/,v.,"Khởi hành, rời khỏi",Flights for Rome depart from Terminal 3.,Chuyến bay đi Rome khởi hành tại Trạm 3.,General Travel,B1,https://audio.tflat.vn/data/cache/images/300x225/d/e/depart1.png,,,
embarkation,/em'bɑ:'keiʃn/,n.,"‹sự/quá trình› lên tàu, cho lên tàu",The flight creaw must check the passengers's documents before embarkation.,Phi hành đoàn phải kiểm tra giấy tờ của hành khách trước khi cho lên máy bay.,General Travel,B1,https://audio.tflat.vn/data/cache/images/300x225/e/m/embarkation.jpg,,,
itinerary,/aɪˈtɪnərəri/,n.,Lộ trình,I had to change my itinerary when I decided to add two more countries to my vacation.,Tôi đã phải đổi lộ trình khi tôi đã quyết định thêm vào 2 quốc gia nữa cho kỳ nghỉ của tôi.,General Travel,B1,https://audio.tflat.vn/data/images_example/300x225/t/h/the_tour_o_ex2_56248cfc7f8b9afa0cb17f4c.jpg,,,
prohibit,/prə(ʊ)ˈhɪbɪt/,v.,"Cấm, ngăn cấm",Smoking is prohibited here.,Hút thuốc bị cấm ở đây.,General Travel,B1,https://audio.tflat.vn/data/cache/images/300x225/p/r/prohibit1.jpg,,,
valid,/'vælid/,adj.,"Có giá trị, có hiệu lực",I need to make certain that my passport is valid if we plan to go overseas this December.,Tôi cần biết chắc rằng hộ chiếu của tôi có giá trị nếu chúng tôi dự tính xuất ngoại tháng 12 này.,General Travel,B1,https://audio.tflat.vn/data/cache/images/300x225/v/a/valid1.jpeg,,,
shopping,/ˈʃɒpɪŋ/,n.,Mua sắm,Let's go shopping.,Nào cùng nhau đi mua sắm.,Shopping,B1,https://audio.tflat.vn/data/cache/images/300x225/s/h/shopping11.jpg,,,
bargain,/bɑːɡən/,n.,"Món hời, cơ hội tốt (buôn bán)",Lois compared the sweaters carefully to determine which was a better bargain.,Lois so sánh cẩn thận những chiếc áo len để xác định cái nào là món hời hơn.,Shopping,B1,https://audio.tflat.vn/data/cache/images/300x225/b/a/bargain1.jpg,,,
bear,/beə/,v.,"Chịu đựng, cam chịu",Moya doesn't like crowds so she cannot bear shopping during the holiday rush.,Moya không thích đám đông vì thế cô không chịu đi mua sắm trong kỳ đổ xô đi sắm dịp lễ.,Shopping,B1,https://audio.tflat.vn/data/cache/images/300x225/b/e/bear1.jpg,,,
behaviour,/bi'heivjə/,n.,"Thái độ, hành vi, cách cư xử, cách đối xử, cách ăn ở",Suspicious behaviour in a department store will draw the attention of the security guards.,Thái độ khả nghi ở trong cửa hàng bách hóa sẽ thu hút sự chú ý của nhân viên an ninh.,Shopping,B1,https://audio.tflat.vn/data/images_example/300x225/s/u/suspicious_ex1_580de4657f8b9a84688b4597.png,,,
checkout,/tʃɛk aʊt/,n.,"Thanh toán, quầy thanh toán (ở siêu thị, ks...)","The line at this checkout is too long, so let's look for another.","Hàng chờ tại quầy tính tiền này dài quá, vậy chúng ta hãy đi tìm hàng khác.",Shopping,B1,https://audio.tflat.vn/data/cache/images/300x225/c/h/checkout_n2.jpg,,,
comfort,/'kʌmfət/,n.,"Sự thoải mái, dễ dàng",I like to dress for comfort if I'm spending the day shopping.,Tôi thích ăn mặc thoải mái (không gò bó) nếu tôi bỏ ra cả ngày đi mua sắm.,Shopping,B1,https://audio.tflat.vn/data/cache/images/300x225/c/o/comfort1.png,,,
expand,/iks'pænd/,v.,"Mở rộng, phát triển",The telephone networks in rural areas should be expanded.,Mạng lưới điện thoại ở các vùng sâu vùng xa nên được mở rộng.,Shopping,B1,https://audio.tflat.vn/data/cache/images/300x225/e/x/expand1.jpg,,,
explore,/iks'plɔ:/,v.,"Khảo sát, thăm dò, khám phá",Reading history books is like exploring the past.,Đọc cuốn sách lịch sử là như khám phá quá khứ.,Shopping,B1,https://audio.tflat.vn/data/cache/images/300x225/e/x/explore1.jpg,,,
item,/'aitem/,n.,"Khoản, món, mục, mặt hàng",Do you think I can get all these items into one bag?,Cô có nghĩ rằng tôi có thể để tất cả món đồ này vào một cái túi không?,Shopping,B1,https://audio.tflat.vn/data/cache/images/300x225/i/t/item1.png,,,
mandatory,/'mændətəri/,adj.,"(thuộc) lệnh, bắt buộc",The jewelry store has a mandatory policy of showing customers only one item at a time.,Cửa hàng nữ trang có một chính sách bắt buộc là chỉ cho khách xem mỗi lúc một món đồ.,Shopping,B1,https://audio.tflat.vn/data/images_example/300x225/t/h/the_jewelr_ex1_56248d157f8b9a040dc65f0c.jpg,,,
merchandise,/'mə:tʃəndaiz/,n.,Hàng hóa,I am very impressed with the selection of merchandise at this store.,Tôi rất có ấn tượng với sự tuyển chọn hàng hóa tại cửa hàng này.,Shopping,B1,https://audio.tflat.vn/data/cache/images/300x225/m/e/merchandise1.jpg,,,
strictly,/ˈstrɪktli/,adv.,"‹một cách› nghiêm ngặt, nghiêm khắc",Our store strictly enforces its return policy.,Cửa hàng chúng tôi thực thi nghiêm ngặt chính sách hoàn trả hàng của mình.,Shopping,B1,https://audio.tflat.vn/data/cache/images/300x225/s/t/strictly1.png,,,
trend,/trend/,n.,Xu hướng,The youth try to keep up with the fashion trend.,Giới trẻ cố gắng bắt kịp xu hướng thời trang.,Shopping,B1,https://audio.tflat.vn/data/cache/images/300x225/t/r/trend1.jpg,,,
charge,/tʃɑːdʒ/,v.,Tính phí,What did they charge for the repairs?,Họ đã tính phí gì cho việc sửa chữa?,Invoice,B1,https://audio.tflat.vn/data/cache/images/300x225/c/h/charge1.png,,,
compile,/kəmˈpaɪl/,v.,"Soạn, biên soạn, soạn thảo",The clerk is responsible for compiling the orders at the end of the day.,Người nhân viên chịu trách nhiệm soạn các đơn đặt hàng vào cuối ngày.,Invoice,B1,https://audio.tflat.vn/data/cache/images/300x225/c/o/compile1.png,,,
customer,/'kʌstəmə/,n.,Khách hàng (người mua hàng hóa hoặc dịch vụ),Let's make sure all invoices sent to customers are kept in alphabetical order.,Chúng ta phải chắc rằng mọi hóa đơn gửi cho khách hàng được giữ theo thứ tự ABC.,Invoice,B1,https://audio.tflat.vn/data/cache/images/300x225/c/u/customer1.jpg,,,
discount,/ˈdɪskaʊnt/,n.,Sự giảm giá,Do you get a discount if you pay in cash?,Bạn có được sự giảm giá nếu trả bằng tiền mặt không?,Invoice,B1,https://audio.tflat.vn/data/cache/images/300x225/d/i/discount-n1.jpg,,,
efficient,/i'fiʃənt/,adj.,"Có hiệu quả, có hiệu suất, có năng suất (cao)",The accountant was so efficient in processing the customer receipts that she had the job done before lunch.,Nhân viên kế toán làm việc hiệu quả trong việc xử lý các hóa đơn khách hàng đến nỗi cô ta đã hoàn tất công việc trước bữa trưa.,Invoice,B1,https://audio.tflat.vn/data/cache/images/300x225/e/f/efficient1.png,,,
estimate,/ˈestɪmət/,v.,Ước lượng,We estimated our losses this year at about five thousand dollars.,Chúng tôi ước tính thua lỗ trong năm nay của chúng tôi là vào khoảng 5 ngàn đô-la.,Invoice,B1,https://audio.tflat.vn/data/cache/images/300x225/e/s/estimate1.png,,,
impose,/im'pouz/,v.,"Bắt chịu, bắt gánh vác",The company will impose a surcharge for any items returned.,Công ty phải chịu một khoản phí tổn thêm với bất kỳ sản phẩm nào bị trả lại.,Invoice,B1,https://audio.tflat.vn/data/cache/images/300x225/i/m/impose1.png,,,
mistake,/mis'teik/,n.,"Lỗi, sai, nhầm",I made a mistake in adding up your bill and we overcharged you twenty dollars.,Tôi đã nhầm lẫn khi tính tổng hóa đơn của anh và chúng tôi đã tính quá của anh 20 đô-la.,Invoice,B1,https://audio.tflat.vn/data/cache/images/300x225/m/i/mistake1.png,,,
order,/'ɔ:də/,n.,Đơn đặt hàng,The customer placed an order for ten new chairs.,Người khách hàng đưa đơn đặt hàng 10 cái ghế mới.,Invoice,B1,https://audio.tflat.vn/data/images_example/300x225/t/h/the_custom_ex1_56248cf37f8b9af80c011edd.jpg,,,
promptly,/ˈprɒmptli/,adv.,"Mau lẹ, nhanh chóng, ngay lập tức, tức thời",We always reply promptly to customers' letters.,Chúng tôi luôn hồi âm nhanh chóng các lá thư của khách hàng.,Invoice,B1,https://audio.tflat.vn/data/cache/images/300x225/p/r/promptly1.png,,,
rectify,/'rektifai/,v.,"Sửa cho đúng, sửa cho ngay","Embarrassed at his behavior, he rectified the situation by writing a letter of apology.","Xấu hổ về thái độ của mình, anh ta đã sửa chữa tình huống bằng cách viết thư tạ lỗi.",Invoice,B1,https://audio.tflat.vn/data/cache/images/300x225/r/e/rectify1.png,,,
terms,/tɜːmz/,n.,"Điều kiện, điều khoản",The terms of payment were clearly listed at the bottom of the invoice.,Các điều kiện thanh toán đã được liệt kê rõ ràng ở bên dưới hóa đơn.,Invoice,B1,https://audio.tflat.vn/data/cache/images/300x225/t/e/terms1.png,,,
music,/ˈmjuːzɪk/,n.,Âm nhạc,The poem has been set to music.,Bài thơ đã được phổ nhạc.,Music,B1,https://audio.tflat.vn/data/cache/images/300x225/m/u/music1.jpg,,,
available,/əˈveɪləbl/,adj.,"Có sẵn, sẵn sàng",This was the only room available.,Đây là căn phòng duy nhất có sẵn.,Music,B1,https://audio.tflat.vn/data/images_example/300x225/t/h/this_was_t_ex1_56248d007f8b9afc0c298119.jpg,,,
broaden,/ˈbrɔːdən/,v.,Mở rộng,You will appreciate music more if you broaden your tastes and listen to several types of music.,Bạn sẽ biết thưởng thức âm nhạc hơn nếu bạn mở rộng thị hiếu của mình và lắng nghe vài loại âm nhạc.,Music,B1,https://audio.tflat.vn/data/cache/images/300x225/b/r/broaden1.jpg,,,
category,/ˈkætəɡɔːri/,n.,"Loại, hạng",We have various categories of goods here.,Chúng tôi có nhiều loại hàng hóa khác nhau ở đây.,Music,B1,https://audio.tflat.vn/data/images_example/300x225/w/e/we_have_va_ex1_56248d017f8b9afc0c2982b5.jpg,,,
disparate,/'dispərit/,adj.,Hoàn toàn khác nhau,Religious song cut across disparate categories of music.,Bài hát tôn giáo (thánh ca) tách hẳn ra làm thể loại âm nhạc khác biệt.,Music,B1,https://audio.tflat.vn/data/cache/images/300x225/d/i/disparate1.png,,,
divide,/dɪˈvaɪd/,v.,"Chia ra, chia",The English Channel divides England from France.,Kênh Anh chia nước Anh khỏi Pháp.,Music,B1,https://audio.tflat.vn/data/cache/images/300x225/d/i/divide2.png,,,
favor,/'feivə/,v.,"Thích, thiện cảm",Sam enjoys the works of several composers but he tends to favor Mozart.,Sam thưởng thức các tác phẩm của vài nhà soạn nhạc nhưng anh có khuynh hướng thiên về Mozart hơn.,Music,B1,https://audio.tflat.vn/data/cache/images/300x225/f/a/favor-v1.jpg,,,
instinct,/in'stiɳkt/,n.,"Bản năng, năng khiếu","The child's ability to play the cello was so natural, it seemed an instinct.","Khả năng chơi đàn cello của cậu bé này quả là trời cho, nó dường như là 1 bản năng.",Music,B1,https://audio.tflat.vn/data/cache/images/300x225/i/n/instinct1.png,,,
prefer,/prɪˈfɜ:r/,v.,Thích hơn,I prefer reading a book to watching TV.,Tôi thích đọc sách hơn xem TV.,Music,B1,https://audio.tflat.vn/data/cache/images/300x225/p/r/prefer1.png,,,
reason,/'ri:zn/,n.,Lý do,Give me one good reason why I should help you.,Cho tôi một lí do tại sao tôi nên giúp bạn.,Music,B1,https://audio.tflat.vn/data/cache/images/300x225/r/e/reason1.jpg,,,
relaxation,"/,ri:læk'seiʃn/",n.,"Thư giãn, giải trí",These powerful relaxation techniques will help you relieve stress.,Những phương pháp thư giãn tuyệt vời này sẽ giúp bạn bớt căng thẳng.,Music,B1,https://audio.tflat.vn/data/cache/images/300x225/r/e/relaxation1.png,,,
taste,/teist/,n.,"Vị giác, nếm, sở thích, thị hiếu",He has very good taste in music.,Anh ấy rất biết thưởng thức âm nhạc.,Music,B1,https://audio.tflat.vn/data/cache/images/300x225/t/a/taste1.png,,,
urge,/ə:dʒ/,v.,"Thúc giục, khuyến cáo",His mother urged him to study the piano.,Mẹ anh ta đã thúc giục anh ta học đàn piano.,Music,B1,https://audio.tflat.vn/data/cache/images/300x225/u/r/urge1.png,,,
train,/treɪn/,n.,Tàu hỏa,We love travelling by train.,Chúng tôi thích đi du lịch bằng tàu hỏa.,Trains,B1,https://audio.tflat.vn/data/cache/images/300x225/t/r/train2.jpg,,,
comprehensive,"/,kɔmpri'hensiv/",adj.,"Bao hàm, toàn diện","Our travel agent gave us a comprehensive travel package, including rail passes.","Người đại lý du lịch của chúng tôi trao cho một gói du lịch toàn diện, kể cả đi tàu lửa.",Trains,B1,https://audio.tflat.vn/data/cache/images/300x225/c/o/comprehensive2.jpg,,,
deluxe,/di'luks ; di'lʌks/,adj.,"Sang trọng, chất lượng cao",My parents decided to splurge on deluxe accommodations for their trip.,Cha mẹ tôi đã quyết định tiêu tiền thoải mái vào tiện nghi xa hoa cho chuyến đi của họ.,Trains,B1,https://audio.tflat.vn/data/cache/images/300x225/d/e/deluxe1.jpg,,,
directory,/dɪˈrektəri/,n.,"Sách hướng dẫn, danh bạ",We consulted the directory to see where the train station was located.,Chúng tôi đã tham khảo danh bạ điện thoại để xem ga xe lửa nằm ở chỗ nào.,Trains,B1,https://audio.tflat.vn/data/cache/images/300x225/d/i/directory2.png,,,
duration,/djuə'reiʃn/,n.,Khoảng thời gian,Mother lent me her spare jacket for the duration of the trip.,Mẹ đã cho tôi mượn chiếc áo khoác để dành của bà cho suốt thời gian chuyến đi (của tôi).,Trains,B1,https://audio.tflat.vn/data/cache/images/300x225/d/u/duration2.jpg,,,
entitle,/ɪnˈtaɪt(ə)l/,v.,Cho phép làm cái gì,"During the holiday rush, a train ticket entitled the passenger to a ride, but not necessarily a seat.","Trong suốt mùa cao điểm nghỉ lễ, vé xe lửa cho phép hành khách lên tàu tàu, nhưng không nhất thiết có một chỗ ngồi.",Trains,B1,https://audio.tflat.vn/data/images_example/300x225/d/u/during_the_ex1_56248d007f8b9afc0c2980c9.jpg,,,
fare,/feə/,n.,Tiền vé,Pay your fare at the ticket office and you will get a ticket to board the train.,Thanh toán cước phí của anh tại phòng vé và anh sẽ nhận được một vé lên tàu.,Trains,B1,https://audio.tflat.vn/data/cache/images/300x225/f/a/fare1.png,,,
offset,/'ɔ:fset/,v.,"Bù lại, đền bù",The high cost of the hotel room offset the savings we made by taking the train instead of the plane.,Chi phí cao của khách sạn bù lại khoản tiết kiệm mà chúng tôi đã có bằng cách đi xe lửa thay vì máy bay.,Trains,B1,https://audio.tflat.vn/data/cache/images/300x225/o/f/offset1.jpg,,,
operate,/'ɔpəreit/,v.,"Vận hành, làm cho hoạt động",The train only operates in this area at the height of the tourist season.,Xe lửa chỉ chạy trong khu vực này vào lúc cao điểm của mùa du lịch.,Trains,B1,https://audio.tflat.vn/data/cache/images/300x225/o/p/operate1.png,,,
punctually,/'pʌɳktjuəli/,adv.,"Đúng giờ, không chậm trễ",Please be on time; the train leaves punctually at noon.,Hãy đến kịp giờ; xe lửa rời ga đúng giờ vào buổi trưa.,Trains,B1,https://audio.tflat.vn/data/cache/images/300x225/p/u/punctually2.jpg,,,
relatively,/'relətivli/,adv.,Tương đối,The train is relatively empty for this time of day.,Đoàn tàu hơi vắng khách vào lúc này trong ngày.,Trains,B1,https://audio.tflat.vn/data/images_example/300x225/t/h/the_train__ex1_56248d167f8b9a040dc661a8.jpg,,,
remainder,/ri'meində/,n.,"Phần còn lại, số dư","The Alaskan frontier has train service in the summer, but for the remainder of the year the tracks are impassable.","Biên giới ở Alaska có dịch vụ xe lửa vào mùa hè, nhưng vào lúc còn lại của năm thì đường ray không thể đi qua được (do bị đóng băng).",Trains,B1,https://audio.tflat.vn/data/cache/images/300x225/r/e/remainder1.png,,,
remote,/rɪˈməʊt/,adj.,"Xa xôi, hẻo lánh",We took the train out of the city and found a remote hotel in the country for the weekend.,Chúng tôi đón xe lửa ra khỏi thành phố và tìm một khách sạn cách biệt ở miền quê vào dịp cuối tuần.,Trains,B1,https://audio.tflat.vn/data/cache/images/300x225/r/e/remote2.png,,,
disk,/disk/,n.,"Đĩa (vi tính, thể thao, đĩa hát...)",Rewritable compact disks are more expensive than read-only CDs.,Đĩa quang có khả năng ghi thì đắt hơn nhiều đĩa CD chỉ đọc.,Electronics,B1,https://audio.tflat.vn/data/cache/images/300x225/d/i/disk1.png,,,
facilitate,/fə'siliteit/,v.,"Làm cho dễ dàng, làm cho thuận tiện",The computer program facilitated the scheduling of appointments.,Chương trình máy tính làm cho việc lập lịch các buổi hẹn được thuận tiện.,Electronics,B1,https://audio.tflat.vn/data/cache/images/300x225/f/a/facilitate1.png,,,
network,/'netwə:k/,v.,"Kết nối, liên kết",More and more PCs are networked together.,Ngày càng nhiều máy tính được kết nối với nhau.,Electronics,B1,https://audio.tflat.vn/data/cache/images/300x225/n/e/network1.jpg,,,
popularity,"/,pɔpju'læriti/",n.,"‹tính/sự› đại chúng, phổ biến, nổi tiếng",This brand of computers was at the height of its popularity.,Thương hiệu máy tính này từng nổi tiếng rất nhiều.,Electronics,B1,https://audio.tflat.vn/data/cache/images/300x225/p/o/popularity1.png,,,
process,/ˈprəʊses/,n.,Quá trình,"Singing contests usually have the same process: auditions, semi-finals, and finals.","Các cuộc thi ca hát thường có quá trình giống nhau: thử giọng, bán kết, và chung kết.",Electronics,B1,https://audio.tflat.vn/data/cache/images/300x225/p/r/process1.png,,,
replace,/ri'pleis/,v.,Thay thế,My father replaced the old plug with a new one.,Ba tôi thay thế cái nắp cũ bằng cái mới.,Electronics,B1,https://audio.tflat.vn/data/cache/images/300x225/r/e/replace1.png,,,
revolution,"/,revə'lu:ʃn/",n.,Cuộc cách mạng,We see a revolution in the computer field almost every day.,Chúng ta thấy một cuộc cách mạng trong lãnh vực máy tính hầu như mỗi ngày.,Electronics,B1,https://audio.tflat.vn/data/cache/images/300x225/r/e/revolution1.png,,,
sharp,/ʃɑ:p/,adj.," thông minh, láu lỉnh",The new employee proved how sharp she was when she mastered the new program in a few days.,Nhân viên mới đã chứng tỏ được cô ấy thông minh đến thế nào khi mà cô đã làm chủ được chương trình mới trong vài ngày.,Electronics,B1,https://audio.tflat.vn/data/cache/images/300x225/s/h/sharp2.jpg,,,
skill,/skil/,n.,"Kỹ năng, kỹ xảo",The software developer has excellent technical skills and would be an asset to our software programming team.,Người phát triển phần mềm có những kỹ năng chuyên môn xuất săc và là một vốn quý đối với đội ngũ lập trình phần mềm của chúng tôi.,Electronics,B1,https://audio.tflat.vn/data/cache/images/300x225/s/k/skill1.jpg,,,
software,/ˈsɒftweə(r)/,n.,"Phần mềm, chương trình máy tính",Many computers come pre-loaded with software.,Nhiều máy tính đã có sẵn phần mềm.,Electronics,B1,https://audio.tflat.vn/data/cache/images/300x225/s/o/software1.jpg,,,
store,/stɔ:/,v.,"Lưu giữ, tích trữ",You can store more data on a zip drive.,Anh có thể lưu trữ dữ liệu nhiều hơn trên ổ đĩa nén.,Electronics,B1,https://audio.tflat.vn/data/cache/images/300x225/s/t/store-lưu_giữ1.jpg,,,
technically,/ˈteknɪkli/,adv.,Nói đến/nói về mặt kỹ thuật; một cách chuyên môn/nghiêm túc,"Technically speaking, the virus infected only script files.",Nói về mặt kỹ thuật thì virus chỉ tác động lên các tập tin script (tập tin kịch bản thi hành).,Electronics,B1,https://audio.tflat.vn/data/cache/images/300x225/t/e/technically.jpg,,,
hotel,/həʊˈtel/,n.,Khách sạn,I live near Horison hotel.,Tôi sống gần khách sạn Horison.,Hotels,B1,https://audio.tflat.vn/data/images_example/300x225/i/_/i_live_nea_ex1_58243d057f8b9aa1078b45b3.png,,,
advanced,/ədˈvɑːnst/,adj.,Tiên tiến,"Since the hotel installed an advanced computer system, all operations have been functioning more smoothly.","Bởi vì khách sạn đã lắp đặt một hệ thống máy tính tiên tiến, mọi hoạt động đang được vận hành trơn tru.",Hotels,B1,https://audio.tflat.vn/data/cache/images/300x225/a/d/advanced1.jpg,,,
chain,/tʃein/,n.,"Dây xích, chuỗi",Budget-priced hotel chains have made a huge impact in the industry.,Chuỗi khách sạn giá rẻ đã tạo ra một tác động to lớn cho nền công nghiệp.,Hotels,B1,https://audio.tflat.vn/data/images_example/300x225/b/u/budget-pri_ex1_56248d167f8b9a040dc661b0.jpg,,,
check-in,//,n.,Sự nhận phòng,Do you know your check-in time ?,Bạn có biết thời gian nhận phòng không?,Hotels,B1,https://audio.tflat.vn/data/cache/images/300x225/c/h/check-in2.jpg,,,
confirm,/kənˈfɜː(r)m/,v.,Xác nhận,Please write to confirm your reservation.,Xin vui lòng viết xác nhận cho việc đặt phòng của bạn.,Hotels,B1,https://audio.tflat.vn/data/cache/images/300x225/c/o/confirm1.jpg,,,
expect,/ɪkˈspekt/,v.,Mong đợi,She expects to see her new baby girl.,Cô ấy mong đợi được gặp con gái bé nhỏ của cô. ,Hotels,B1,https://audio.tflat.vn/data/cache/images/300x225/e/x/expect1.png,,,
housekeeper,"/'haus,ki:pə/",n.,"Quản gia; người coi nhà, người giữ nhà",Eloise's first job at the hotel was as a housekeeper and now she is the manager.,Công việc đầu tiên của Eloise ở khách sạn là người trực buồng và bây giờ cô đã là người quản lý.,Hotels,B1,https://audio.tflat.vn/data/cache/images/300x225/h/o/housekeeper.jpg,,,
notify,/ˈnəʊtɪfaɪ/,v.,Thông báo,They notified the hotel that they had been delayed in traffic and would be arriving late.,Họ đã thông báo với khách sạn rằng họ đã bị chậm trễ trong giao thông và sẽ đến muộn.,Hotels,B1,https://audio.tflat.vn/data/cache/images/300x225/n/o/notify1.jpg,,,
preclude,/pri'klu:d/,v.,"Ngăn ngừa, loại trừ",The horrible rainstorm precluded us from traveling any further.,Cơn mưa giông kinh khủng đã ngăn chúng tôi du hành thêm nữa.,Hotels,B1,https://audio.tflat.vn/data/cache/images/300x225/p/r/preclude2.jpg,,,
quote,/kwout/,v.,Trích dẫn,Can I quote you on that?,Mình có thể trích ý kiến của bạn về vấn đề đó được không?,Hotels,B1,https://audio.tflat.vn/data/cache/images/300x225/q/u/quote.jpg,,,
rate,/reɪt/,n.,"Mức giá, tỉ lệ",The sign in the lobby lists the seasonal rates.,Biển hiệu ở trong hành lang liệt kê các mức giá theo từng mùa.,Hotels,B1,https://audio.tflat.vn/data/cache/images/300x225/r/a/rate1.jpg,,,
reservation,"/,rezə'veiʃn/",n.,"Sự dành trước, sự đặt chổ trước","I know I made a reservation for tonight, but the hotel staff has no record of it in the system.","Tôi biết rằng tôi đã đặt chỗ tối nay, nhưng nhân viên khách sạn không lưu nó vào hệ thống.",Hotels,B1,https://audio.tflat.vn/data/cache/images/300x225/r/e/reservation.jpg,,,
service,/ˈsɜːvɪs/,n.,Dịch vụ,The food was good but the service was very slow.,Thức ăn thì rất ngon nhưng dịch vụ thì quá tồi.,Hotels,B1,https://audio.tflat.vn/data/cache/images/300x225/s/e/service1.jpeg,,,
accept,/ək'sept/,v.,"Nhận, chấp nhận","She accepts the gift with a big smile, and thanks her boyfriend several times.",Cô ấy chấp nhận món quà với nụ cười lớn và cảm ơn bạn trai nhiều lần. ,Banking,B1,https://audio.tflat.vn/data/cache/images/300x225/a/c/accept1.png,,,
balance,/'bæləns/,v.,Quyết toán,It took him over an hour to balance his checkbook.,Nó lấy mất của anh hơn một tiếng đồng hồ để quyết toán tập chi phiếu.,Banking,B1,https://audio.tflat.vn/data/cache/images/300x225/b/a/balance1.png,,,
borrow,/'bɔrou/,v.,"Mượn, vay",Can I borrow your mobile phone for a while? I have lost mine on the train.,Bạn có thể cho tôi mượn điện thoại một chút được không? Tôi vừa đánh mất điện thoại trên tàu.,Banking,B1,https://audio.tflat.vn/data/cache/images/300x225/b/o/borrow1.png,,,
cautiously,/ˈkɔːʃəsli/,adv.,"‹một cách› thận trọng, cẩn thận",Act cautiously when signing contracts and read them thoroughly first.,Hành động thận trọng khi ký các hợp đồng và trước hết hãy đọc chúng kỹ lưỡng.,Banking,B1,https://audio.tflat.vn/data/cache/images/300x225/c/a/cautiously1.png,,,
deduct,/di'dʌkt/,v.,"Lấy đi, trừ đi, khấu trừ","By deducting the monthly fee from her checking account, Yi was able to make her account balance.","Do việc khấu trừ tiền thù lao hàng tháng vào tài khoản vãng lai, Yi đã có thể thực hiện cân bằng thu chi tài khoản của mình.",Banking,B1,https://audio.tflat.vn/data/cache/images/300x225/d/e/deduct1.png,,,
dividend,/'dividend/,n.,"Tiền lãi cổ phần, tiền được cuộc, cái bị chia, số bị chia (toán)",The dividend was calculated and distributed to the group.,Cổ tức được tính toán và phân bổ theo nhóm.,Banking,B1,https://audio.tflat.vn/data/cache/images/300x225/d/i/dividend1.png,,,
down payment,/daʊn ˈpeɪmənt/,n.,Phần tiền trả trước ban đầu,"By making a large down payment, the couple saved a great deal in mortgage interest.","Bằng việc trả trước một phần lớn, đôi vợ chồng tiết kiệm được một khoản lãi cầm cố cao.",Banking,B1,https://audio.tflat.vn/data/cache/images/300x225/d/o/down_payment1.png,,,
mortgage,/ˈmɔːɡɪdʒ/,v.,"Cấm cố, thế chấp",Hiram mortgaged his home to get extra money to invest in his business.,Hiram thế chấp nhà mình để nhận một khoản tiền phụ thêm để đầu tư cho công việc.,Banking,B1,https://audio.tflat.vn/data/cache/images/300x225/m/o/mortgage1.png,,,
restricted,/ris'triktid/,adj.,"Bị hạn chế, bị giới hạn",Access to the safe deposit box vault is restricted to key holders.,Việc vào hầm két bạc được hạn chế trong những người giữ chìa khóa.,Banking,B1,https://audio.tflat.vn/data/cache/images/300x225/r/e/restricted1.png,,,
signature,/'signitʃə/,n.,"Chữ ký, ký hiệu, dấu hiệu",The customer's signature was kept on file for identification purposes.,Chữ ký của khách hàng được lưu trên file nhằm mục đích nhận dạng.,Banking,B1,https://audio.tflat.vn/data/cache/images/300x225/s/i/signature1.jpg,,,
take out,/A/,v.,Rút (tiền),When can I take money out of bank?,Khi nào tôi có thể rút tiền khỏi ngân hàng,Banking,B1,https://audio.tflat.vn/data/cache/images/300x225/t/a/take_out1.jpg,,,
transaction,/træn'zækʃn/,n.,"Sự giao dịch, công việc kinh doanh",Banking transaction will appear on your monthly statement.,Giao dịch ngân hàng sẽ xuất hiện trong thông báo tài khoản ngân hàng mỗi tháng.,Banking,B1,https://audio.tflat.vn/data/cache/images/300x225/t/r/transaction1.jpg,,,
investment,/ɪnˈvest mənt/,n.,Sự đầu tư,Stocks are regarded as good long-term investments.,Cổ phiếu được coi là khoản đầu tư dài hạn tốt.,Investment,B1,https://audio.tflat.vn/data/cache/images/300x225/i/n/investment1.jpg,,,
aggressively,/əˈɡresɪv/,adv.,"Hung hăng, hùng hổ",His ideas were not well received because he spoke so aggressively.,Ý kiến của anh ta không được đón nhận nhiều vì anh ta nói quá hùng hổ.,Investment,B1,https://audio.tflat.vn/data/cache/images/300x225/a/g/aggressively1.jpg,,,
attitude,/'ætitju:d/,n.,Thái độ,Each person has his or her own attitude towards life.,Mỗi người có thái độ sống riêng.,Investment,B1,https://audio.tflat.vn/data/cache/images/300x225/a/t/attitude1.jpg,,,
commit,/kə'mit/,v.,"Gửi, giao, giao phó, ủy nhiệm, ủy thác",It is a good idea to commit a certain percentage of your income to investments.,Ý tưởng tốt là đem một vài % nào đó thu nhập của bạn để đầu tư.,Investment,B1,https://audio.tflat.vn/data/cache/images/300x225/c/o/commit2.jpg,,,
conservative,/kən'sə:vətiv/,adj.,Bảo thủ,My brother is the most conservative person in my family. He always thinks that his idea is right.,Em trai của tôi là người bảo thủ nhất trong gia đình. Em ấy lúc nào cũng nghĩ rằng quan điểm của em ấy là đúng.,Investment,B1,https://audio.tflat.vn/data/cache/images/300x225/c/o/conservative1.png,,,
fund,/fʌnd/,n.,Quỹ (tiết kiệm hoặc dùng cho một hoạt động cụ thể),We subscribe to the charity fund.,Chúng tôi quyên góp cho quỹ từ thiện.,Investment,B1,https://audio.tflat.vn/data/cache/images/300x225/f/u/fund1.jpg,,,
invest,/in'vest/,v.,Đầu tư,Don't invest all of your time in just one project.,Đừng đầu tư tất cả thời gian của bạn vào chỉ một dự án.,Investment,B1,https://audio.tflat.vn/data/cache/images/300x225/i/n/invest1.jpg,,,
long-term,/'lɔɳtə:m/,adj.,"Dài hạn, dài ngày, lâu dài",The CEO's long-term goal was to increase the return on investment.,Mục tiêu dài hạn của giám đốc điều hành (CEO) là gia tăng tiền lãi thu về từ việc đầu tư.,Investment,B1,https://audio.tflat.vn/data/cache/images/300x225/l/o/long-term1.png,,,
portfolio,/pɔ:t'fouljou/,n.,"Danh mục đầu tư, danh sách vốn đầu tư (của 1 cty, ngân hàng...)",Investors are advised to have diverse portfolios.,Nhà đầu tư được khuyên nên có nhiều danh mục đầu tư khác nhau.,Investment,B1,https://audio.tflat.vn/data/cache/images/300x225/p/o/portfolio1.png,,,
pull-out,/ˈpʊl aʊt/,n.,"Rút ra, rút khỏi",The pull-out of the bank has left the company without financing.,Sự rút lui của ngân hàng đã để mặc cho công ty không còn tài chính.,Investment,B1,https://audio.tflat.vn/data/cache/images/300x225/p/u/pull_out1.png,,,
resource,/rɪˈsɔːs/,n.,"Nguồn, nguồn lực",The most important factor for developing the economy is human resources.,Yếu tố quan trọng nhất để phát triển kinh tế là nguồn nhân lực.,Investment,B1,https://audio.tflat.vn/data/cache/images/300x225/r/e/resource1.jpg,,,
return,/ri'tə:n/,n.,"Tiền lãi, tiền lời","Some investors are satisfied with a 15 percent return, while others want to see a much larger return.","Một số nhà đầu tư hài lòng với một khoản lãi 15%, trong khi những người khác thì muốn thấy mức lãi nhiều hơn.",Investment,B1,https://audio.tflat.vn/data/cache/images/300x225/r/e/return1.png,,,
wisely,/waɪz/,adj.,"Khôn ngoan, từng trải, thông thái, uyên bác","If you invest wisely, you will be able to retire early.","Nếu anh đầu tư khôn ngoan, anh sẽ có thể về hưu sớm.",Investment,B1,https://audio.tflat.vn/data/cache/images/300x225/w/i/wisely1.png,,,
contract,/kənˈtrakt/,n.,Hợp đồng,Are you going to break the contract?,Bạn đang định phá vỡ hợp đồng phải không?,Contracts,B1,https://audio.tflat.vn/data/cache/images/300x225/c/o/contracts1.jpg,,,
abide by,/ə'baid/,v.,"Tôn trọng, tuân theo, giữ (lời)",The two parties agreed to abide by the judge's decision.,Hai bên đã đồng ý tuân theo quyết định của tòa án.,Contracts,B1,https://audio.tflat.vn/data/cache/images/300x225/a/b/abide_by.jpg,,,
agreement,/ə'gri:mənt/,n.,"Sự đồng ý, thỏa thuận với nhau","According to the agreement, the caterer will also supply the flowers for the event.","Theo như thỏa thuận, nhà cung cấp lương thực thực phẩm cũng sẽ cung cấp hoa cho sự kiện.",Contracts,B1,https://audio.tflat.vn/data/cache/images/300x225/a/g/agreement1.png,,,
assurance,/ə'ʃuərəns/,n.,"Sự cam đoan, bảo đảm",The sales associate gave his assurance that the missing keyboard would be replaced the next day.,Đối tác bán hàng cam đoan rằng ngày mai bàn phím lỗi sẽ được thay.,Contracts,B1,https://audio.tflat.vn/data/cache/images/300x225/a/s/assurance1.png,,,
cancellation,"/,kænse'leiʃn/",n.,"Sự bãi bỏ, hủy bỏ",The cancellation of her flight caused her problems for the rest of the week.,Việc hủy chuyến bay đã gây cho cô ấy nhiều vấn đề trong những ngày còn lại của tuần.,Contracts,B1,https://audio.tflat.vn/data/cache/images/300x225/c/a/cancellation.jpg,,,
determine,/di'tə:min/,v.,"Xác định, định rõ","After reading the contract, I was still unable to determine if our company was liable for back wages.","Sau khi đọc hợp đồng, tôi vẫn không thể biết được liệu rằng công ty của chúng tôi có phải chịu trách nhiệm hoàn trả lại lương không.",Contracts,B1,https://audio.tflat.vn/data/cache/images/300x225/d/e/determine1.png,,,
engage,/in'geidʤ/,v.,"Thu hút (sự chú ý…), giành được (tình cảm…)","He really wants to engage his classmates, but he doesn't know how to do that.","Cậu ấy thực sự muốn giành được cảm tình của các bạn cùng lớp, nhưng cậu ấy không biết cách làm thế nào.",Contracts,B1,https://audio.tflat.vn/data/cache/images/300x225/e/n/engage.jpg,,,
establish,/is'tæbliʃ/,v.,"Thành lập, thiết lập",This company was established in 2010.,Công ty này được thành lập vào năm 2010.,Contracts,B1,https://audio.tflat.vn/data/cache/images/300x225/e/s/establish1.png,,,
obligate,/'ɔbligeit/,v.,"Bắt buộc, ép buộc",The contractor was obligated by the contract to work 40 hours a week.,Nhà thầu buộc phải làm việc 40 tiếng mỗi tuần.,Contracts,B1,https://audio.tflat.vn/data/cache/images/300x225/o/b/obligate1.png,,,
party,/'pɑ:ti/,n.,"Đảng, phái, nhóm",The parties agreed to settlement in their contract dispute.,Các bên đã nhất trí đi đến một thỏa thuận trong hợp đồng gây tranh cãi của họ.,Contracts,B1,https://audio.tflat.vn/data/images_example/300x225/t/h/the_partie_ex1_56248cf37f8b9af80c011dc1.jpg,,,
provision,/prəˈvɪʒn/,n.,"Dự phòng, điều khoản",The father made provision for his children through his will.,Người cha đã truyền lại di chúc cho những đứa con của mình.,Contracts,B1,https://audio.tflat.vn/data/cache/images/300x225/p/r/provision1.png,,,
resolve,/ri'zɔlv/,v.,Giải quyết,The manager resolved to clean out all the files at the end of the week.,"Cuối tuần, người quản lý đã giải quyết bằng cách xóa sạch tất cả các dữ liệu.",Contracts,B1,https://audio.tflat.vn/data/cache/images/300x225/r/e/resolve1.png,,,
specific,/spəˈsɪfɪk/,adj.,"Cụ thể, rõ ràng, rành mạch",The customer's specific complaint was not addressed in his e-mail.,Khiếu nại cụ thể của khách hàng đã không được giải quyết trong Email gửi anh ấy.,Contracts,B1,https://audio.tflat.vn/data/cache/images/300x225/s/p/specific1.png,,,
desire,/di'zaiə/,v.,"Thèm muốn, khao khát, ao ước",We desire to have our own home.,Chúng tôi ao ước có ngôi nhà riêng.,Financial Statements,B1,https://audio.tflat.vn/data/cache/images/300x225/d/e/desire1.png,,,
detail,/'di:teil/,v.,"Chi tiết, tỉ mỉ",Give me more details of the plan.,Hãy cho tôi biết thêm chi tiết của kế hoạch.,Financial Statements,B1,https://audio.tflat.vn/data/cache/images/300x225/d/e/detail2.png,,,
forecast,/fɔ:'kɑ:st/,v.,"Dự báo, dự đoán, đoán trước",Analysts forecast a strong economic outlook.,Các nhà phân tích dự báo một viễn cảnh kinh tế sung sức.,Financial Statements,B1,https://audio.tflat.vn/data/cache/images/300x225/f/o/forecast1.png,,,
level,/'levl/,n.,"Cấp, cấp bậc, trình độ",We have never had an accountant work at such a sophisticated level before.,Trước đây chúng tôi không bao giờ có một nhân viên kế toán làm với trình độ tinh vi đến thế.,Financial Statements,B1,https://audio.tflat.vn/data/cache/images/300x225/l/e/level1.png,,,
overall,/'ouvərɔ:l/,adj.,"Toàn bộ, toàn thể, tất cả; nói chung",The person with overall responsibility for the project.,Người chịu trách nhiệm toàn bộ cho dự án.,Financial Statements,B1,https://audio.tflat.vn/data/cache/images/300x225/o/v/overall1.png,,,
perspective,/pə'spektiv/,n.,"Góc nhìn, khía cạnh",Parents and children usually see things from different perspectives.,"Cha mẹ và con cái thường quan sát sự vật, sự việc từ góc nhìn khác nhau.",Financial Statements,B1,https://audio.tflat.vn/data/images_example/300x225/p/a/parents_an_ex1_580de47b7f8b9a84688b45c0.jpg,,,
project,/ˈprɒdʒekt/,v.,"Kế hoạch, đồ án, dự án",The director projects that the company will need to hire ten new employees his year.,Người giám đốc lập kế hoạch là công ty sẽ cần phải thuê 10 nhân viên mới trong năm nay.,Financial Statements,B1,https://audio.tflat.vn/data/cache/images/300x225/p/r/project2.png,,,
realistic,/riə'listik/,adj.,"Hiện thực, thực tế",Stefano found that an accurate accounting gave him a realistic idea of his business's financial direction.,Stefano thấy rằng công việc kế toán chính xác đã cho anh một ý niệm thực tế về việc quản trị tài chính trong công việc của mình.,Financial Statements,B1,https://audio.tflat.vn/data/images_example/300x225/t/h/the_realis_ex2_56248d157f8b9a040dc66024.jpg,,,
target,/'tɑ:git/,n.,"Mục tiêu, mục đích",The airport terminal was the target of a bomb.,Trạm đến sân bay là mục tiêu của quả bom.,Financial Statements,B1,https://audio.tflat.vn/data/cache/images/300x225/t/a/target2.png,,,
translation,/træns'leiʃn/,n.,"Bản dịch, bài dịch",The translation of the statement from Japanese into English was very helpful.,Bản dịch báo cáo từ tiếng Nhật sang tiếng Anh là rất có ích.,Financial Statements,B1,https://audio.tflat.vn/data/cache/images/300x225/t/r/translation2.png,,,
typically,/ˈtɪpɪkli/,adv.,"Tiêu biểu, điển hình","Office expenses typically include such things as salaries, rent, and office supplies.","Các chi phí văn phòng bao gồm tiêu biểu những thứ như là: tiền lương, tiền thuê và đồ dùng dự trữ văn phòng.",Financial Statements,B1,https://audio.tflat.vn/data/cache/images/300x225/t/y/typically1.png,,,
yield,/jiːld/,v.,Sinh lợi,The company's investment yielded high returns.,Việc đầu tư của công ty đã mang lại tiền lãi cao hơn.,Financial Statements,B1,https://audio.tflat.vn/data/cache/images/300x225/y/i/yield2.png,,,
appeal,/əˈpiːl/,n.,"Sức hấp dẫn, lôi cuốn",A restaurant with good food and reasonable prices has a lot of appeal.,Một nhà hàng có thức ăn ngon và giá cả phải chăng có sức hút rất mạnh.,Selecting A Restaurant,B1,https://audio.tflat.vn/data/images_example/300x225/a/_/a_restaura_ex1_56248d127f8b9a020d261a00.jpg,,,
arrive,/ə'raiv/,v.,Đến,What time do you arrive at the airport?,"Khi nào bạn đến sân bay?
",Selecting A Restaurant,B1,https://audio.tflat.vn/data/cache/images/300x225/a/r/arrive1.jpeg,,,
compromise,/'kɔmprəmaiz/,n.,Sự thoả hiệp,After lengthy talks the two sides finally reached a compromise.,Sau cuộc đàm phán kéo dài hai bên cuối cùng đã đạt đến một thỏa hiệp.,Selecting A Restaurant,B1,https://audio.tflat.vn/data/cache/images/300x225/c/o/compromise2.jpg,,,
daringly,/ˈdeərɪŋli/,adv.,"Táo bạo, cả gan, phiêu lưu, dũng cảm (bravely)",We daringly ordered the raw squid.,Chúng tôi cả gan gọi món mực sống.,Selecting A Restaurant,B1,https://audio.tflat.vn/data/images_example/300x225/w/e/we_daringl_ex1_580ec4a47f8b9a0e898b4567.jpg,,,
familiar,/fə'miljə/,adj.,"Quen thuộc, thông thường",It's nice to see some familiar items on the menu.,Thật là hay khi thấy vài món ăn quen thuộc trong thực đơn.,Selecting A Restaurant,B1,https://audio.tflat.vn/data/cache/images/300x225/f/a/familiar2.jpg,,,
guide,/gaɪd/,n.,"Hướng dẫn viên, sách hướng dẫn","I don't know where to go, so why don't we consult the guide.","Tôi không biết đi đâu, vậy thì sao chúng ta không hỏi ý kiến hướng dẫn viên.",Selecting A Restaurant,B1,https://audio.tflat.vn/data/cache/images/300x225/g/u/guide1.png,,,
majority,/mə'dʤɔriti/,n.,"Phần lớn, đa số",The majority of the group wanted to try the new Chinese restaurant.,Phần lớn nhóm muốn đi ăn thử ở nhà hàng Trung Quốc mới.,Selecting A Restaurant,B1,https://audio.tflat.vn/data/cache/images/300x225/m/a/majority1.png,,,
mix,/miks/,"n,v.","(n.) hỗn hợp; (v.) hợp vào, trộn lẫn",The mix of bright colors on the plate was very pleasing.,Sự pha trộn các màu sáng ở trên đĩa thì rất thú vị.,Selecting A Restaurant,B1,https://audio.tflat.vn/data/images_example/300x225/t/h/the_mix_of_ex1_56248d167f8b9a040dc660ec.jpg,,,
rely,/ri'lai/,v.,"Dựa vào, tin cậy",I seldom rely on the restaurant reviews in the paper when choosing a restaurant.,Tôi hiếm khi tin vào bài đánh giá nhà hàng ở trên báo mỗi khi chọn lựa một nhà hàng.,Selecting A Restaurant,B1,https://audio.tflat.vn/data/cache/images/300x225/r/e/rely1.png,,,
secure,/sɪˈkjʊər/,adj.,"Chắc chắn, an toàn",At last they were able to feel secure about the future.,"Cuối cùng, họ đã có thể cảm thấy chắc chắn về tương lai.",Selecting A Restaurant,B1,https://audio.tflat.vn/data/images_example/300x225/a/t/at_last_th_ex2_587727aa7f8b9a01308b4617.jpg,,,
subjective,/səb'dʤektiv/,adj.,Chủ quan,"The reviews in this guidebook are highly subjective, but fun to read.","Những bài đánh giá trong sách hướng dẫn này rất là chủ quan, nhưng đọc cũng vui.",Selecting A Restaurant,B1,https://audio.tflat.vn/data/cache/images/300x225/s/u/subjective1.jpg,,,
suggestion,/səˈdʒestʃən/,n.,"Lời đề nghị, sự gợi ý",Thank you so much for your suggestion.,Cảm ơn bạn rất nhiều về đề nghị của bạn.,Selecting A Restaurant,B1,https://audio.tflat.vn/data/cache/images/300x225/s/u/suggestion1.jpg,,,
adjustment,/ə'dʤʌstmənt/,n.,"Điều chỉnh, chỉnh lý",I've made a few adjustments to the design.,Tôi đã thực hiện một vài điều chỉnh để thiết kế.,Inventory,B1,https://audio.tflat.vn/data/cache/images/300x225/a/d/adjustment1.png,,,
automatically,/ˌɔːtəˈmætɪkli/,adv.,‹một cách› tự động,The door opens automatically.,Cửa mở một cách tự động.,Inventory,B1,https://audio.tflat.vn/data/cache/images/300x225/a/u/automatically1.jpg,,,
crucial,/'kru:ʃjəl/,adj.,"Cốt yếu, chủ yếu, có tính quyết định",Inventory is a crucial process and must be taken seriously by all staff.,Kiểm kê là một quá trình cốt yếu và phải được thực hiện nghiêm túc bởi mọi nhân viên.,Inventory,B1,https://audio.tflat.vn/data/cache/images/300x225/c/r/crucial1.png,,,
discrepancy,/dis'krepənsi/,n.,"‹sự› khác nhau, trái ngược nhau",We easily explained the discrepancy between the two destiny.,Chúng tôi dễ dàng giải thích sự khác nhau giữa 2 số phận. ,Inventory,B1,https://audio.tflat.vn/data/cache/images/300x225/d/i/discrepancy1.jpg,,,
disturb,/dis'tə:b/,v.,"Quấy rầy, làm phiền",Let's see how many products we can count in advance of inventory so we disturb fewer customers.,Hãy xem có bao nhiêu sản phẩm chúng ta có thể đếm trước khi kiểm kê để cho chúng ta làm phiền khách hàng ít hơn.,Inventory,B1,https://audio.tflat.vn/data/cache/images/300x225/d/i/disturb1.png,,,
liability,"/,laiə'biliti/",n.,"Nguy cơ, điều gây khó khăn trở ngại",The slippery steps were a terrible liability for the store.,Những bậc thềm trơn trượt là một nguy cơ tệ hại cho cửa hàng.,Inventory,B1,https://audio.tflat.vn/data/cache/images/300x225/l/i/liability1.png,,,
reflection,/rɪˈflekʃn/,n.,"‹sự› phản chiếu, phản xạ, hình ảnh",She saw her reflection in the mirror.,Cô ấy nhìn ảnh của mình ở trong gương.,Inventory,B1,https://audio.tflat.vn/data/cache/images/300x225/r/e/reflection2.jpg,,,
run,/rʌn/,v.,"Chạy, vận hành","As long as the computer is running, you can keep adding new data.","Trong khi máy tính đang chạy, bạn có thể thực hiện việc bổ sung thêm dữ liệu mới.",Inventory,B1,https://audio.tflat.vn/data/cache/images/300x225/r/u/run1.png,,,
scan,/skæn/,v.,"Xem lướt, xem qua",He scanned through the newspaper over breakfast.,Anh ấy đã xem qua tờ báo trong lúc ăn sáng.,Inventory,B1,https://audio.tflat.vn/data/images_example/300x225/h/e/he_scanned_ex1_56248d157f8b9a040dc65f84.png,,,
subtract,/səb'trækt/,v.,"Trừ đi, khấu trừ; loại ra, lấy ra khỏi",6 subtracted from 9 is 3.,9 trừ 6 được 3.,Inventory,B1,https://audio.tflat.vn/data/cache/images/300x225/s/u/subtract1.png,,,
tedious,/'ti:djəs/,adj.,"Chán ngắt, tẻ nhạt, nhạt nhẽo, buồn tẻ",Counting merchandise all weekend is the most tedious job I can imagine.,Kiểm đếm hàng suốt kỳ nghỉ cuối tuần là một công việc tẻ nhạt nhất tôi có thể hình dung.,Inventory,B1,https://audio.tflat.vn/data/cache/images/300x225/t/e/tedious1.png,,,
verify,/'verifai/,v.,"Kiểm tra lại, thẩm tra, xác minh",We have no way of verifying his story.,Chúng tôi không có cách nào để xác minh câu chuyện của anh ấy.,Inventory,B1,https://audio.tflat.vn/data/cache/images/300x225/v/e/verify1.png,,,
consult,/kən'sʌlt/,v.,"Tham khảo, hỏi ý kiến, quan tâm","If the pain continues, consult your doctor.","Nếu cơn đau vẫn tiếp tục, thì bạn tham khảo ý kiến bác sĩ của bạn.",Pharmacy,B1,https://audio.tflat.vn/data/cache/images/300x225/c/o/consult1.png,,,
control,/kən'troul/,v.,"Điều khiển, chỉ đạo",His every action is controlled by the manager.,Mọi hành động của anh ta đều do giám đốc chỉ đạo.,Pharmacy,B1,https://audio.tflat.vn/data/cache/images/300x225/c/o/control1.png,,,
convenient,/kənˈviːniənt/,adj.,Thuận tiện,Living here is so convenient – everything I need is just 5 minutes away.,Sống ở đây thật thuận tiện – mọi thứ mình cần chỉ cách 5 phút.,Pharmacy,B1,https://audio.tflat.vn/data/cache/images/300x225/c/o/convenient1.jpg,,,
detect,/di'tekt/,v.,"Tìm ra, khám phá ra, nhận thấy",The tests are designed to detect the disease early.,Các xét nghiệm này được thiết kế để phát hiện bệnh sớm.,Pharmacy,B1,https://audio.tflat.vn/data/cache/images/300x225/d/e/detect1.png,,,
factor,/'fæktə/,n.,"Nhân tố, yếu tố",The result will depend on a number of different factors.,Kết quả sẽ phụ thuộc vào một số lượng những nhân tố khác nhau.,Pharmacy,B1,https://audio.tflat.vn/data/cache/images/300x225/f/a/factor1.png,,,
interaction,"/,intər'ækʃn/",n.,"‹sự› tương tác, ảnh hưởng lẫn nhau, tác động qua lại",My pharmacist was concerned about the interaction of the two medications I was prescribed.,Dược sĩ của tôi lo lắng về sự tương tác của 2 loại thuốc mà tôi được kê toa.,Pharmacy,B1,https://audio.tflat.vn/data/cache/images/300x225/i/n/interaction.jpg,,,
limit,/'limit/,n.,"Giới hạn, hết hạn dùng",We were reaching the limits of civilization.,Chúng tôi đã đạt đến giới hạn của nền văn minh.,Pharmacy,B1,https://audio.tflat.vn/data/cache/images/300x225/l/i/limit1.png,,,
monitor,/'mɔnitə/,v.,"Quan sát, theo dõi",The patient had weekly appointments so that the doctor could monitor their progress.,Người bệnh có các cuộc hẹn hàng tuần để cho bác sĩ có thể theo dõi tiến triển của họ.,Pharmacy,B1,https://audio.tflat.vn/data/images_example/300x225/t/h/the_patien_ex1_56248d177f8b9a040dc662d0.jpg,,,
potential,/pəˈtenʃl/,adj.,"Tiềm năng, tiềm tàng",They will select potential matches and help the two people meet face to face.,Họ sẽ chọn những người phù hợp có tiềm năng và giúp hai người gặp mặt trực tiếp.,Pharmacy,B1,https://audio.tflat.vn/data/cache/images/300x225/p/o/potential1.png,,,
sample,/ˈsæmpl/,n.,"Mẫu, mẫu vật",It is necessary to give the students some samples.,Việc cung cấp cho sinh viên một số mẫu là cần thiết.,Pharmacy,B1,https://audio.tflat.vn/data/cache/images/300x225/s/a/sample1.jpg,,,
sense,/sens/,n.,"Giác quan, tri giác, cảm giác",How many senses do you have?,Bạn có bao nhiêu giác quan?,Pharmacy,B1,https://audio.tflat.vn/data/cache/images/300x225/s/e/sense1.png,,,
volunteer,/ˌvɒlənˈtɪə(r)/,n.,"Người tình nguyện, tình nguyện viên",I've worked as a volunteer at a special school twice since I finished Grade 10.,Tôi đã làm tình nguyện viên ở một trường học đặc biệt hai lần kể từ khi tôi học xong lớp 10.,Pharmacy,B1,https://audio.tflat.vn/data/cache/images/300x225/v/o/volunteer1.png,,,
address,/ə'dres/,v.,"Nhằm vào, trình bày",Marco's business plan addresses the needs of small business owners.,Kế hoạch kinh doanh của Marco nhằm vào nhu cầu của những chủ doanh nghiệp nhỏ.,Business Planning,B1,https://audio.tflat.vn/data/images_example/300x225/m/a/marcos_bus_ex1_56248cf37f8b9af80c011d69.jpg,,,
avoid,/ə'vɔid/,v.,"Tránh, tránh khỏi; hủy bỏ, bác bỏ","To avoid going out of business, owners should prepare a proper business plan.","Nhằm tránh lụn bại việc làm ăn, những người chủ nên chuẩn bị một kế hoạch kinh doanh phù hợp.",Business Planning,B1,https://audio.tflat.vn/data/cache/images/300x225/a/v/avoid1.png,,,
demonstrate,/'demənstreit/,v.,"Bày tỏ, biểu lộ, cho thấy; chứng minh, giải thích",Let me demonstrate to you some of the difficulties we are facing.,Hãy để tôi trình bày cho bạn một số khó khăn mà chúng ta đang phải đối mặt.,Business Planning,B1,https://audio.tflat.vn/data/cache/images/300x225/d/e/demonstrate.jpg,,,
develop,/di'veləp/,v.,Phát triển,This job can give you an opportunity to develop new skills.,Công việc này có thể cho bạn cơ hội phát triển các kỹ năng mới.,Business Planning,B1,https://audio.tflat.vn/data/cache/images/300x225/d/e/develop1.jpg,,,
evaluate,/i'væljueit/,v.,"Đánh giá, định giá; ước lượng",It's important to evaluate your competition when making a business plan.,Đánh giá sức cạnh tranh của bạn là việc quan trọng khi lập một kế hoạch kinh doanh.,Business Planning,B1,https://audio.tflat.vn/data/cache/images/300x225/e/v/evaluate1.png,,,
gather,/'gæðə/,v.,"Tập hợp, tụ thập, thu thập; kết luận, suy ra",We gathered information for our plan from many sources.,Chúng tôi thu thập thông tin cho bản kế hoạch của mình từ nhiều nguồn.,Business Planning,B1,https://audio.tflat.vn/data/cache/images/300x225/g/a/gather1.jpg,,,
offer,/'ɔfə/,n.,"Đề xuất, đề nghị, chào mời, chào hàng",Devon accepted our offer to write the business plan.,Devon đã chuấp thuận đề nghị của chúng tôi để viết một bản kế hoạch kinh doanh.,Business Planning,B1,https://audio.tflat.vn/data/cache/images/300x225/o/f/offer1.png,,,
primarily,/'praimərili/,adv.,"Trước hết, đầu tiên; chính, chủ yếu, quan trọng nhất",The developers are thinking primarily of how to enter the South American market.,Những nhà phát triển quan tâm nhất đến việc làm sao để xâm nhập thị trường Nam Mỹ.,Business Planning,B1,https://audio.tflat.vn/data/cache/images/300x225/p/r/primarily1.jpg,,,
risk,/rɪsk/,n.,"Nguy cơ, sự nguy hiểm, sự rủi ro",The primary risk for most start-up businesses is insufficient capital.,Nguy cơ lớn nhất đối với hầu hết các cuộc khởi nghiệp là thiếu vốn.,Business Planning,B1,https://audio.tflat.vn/data/cache/images/300x225/r/i/risk1.png,,,
strategy,/ˈstrætədʒi/,n.,"Chiến lược, sự vạch kế hoạch hành động",A business plan is a strategy for running a business and avoiding problems.,Một kế hoạch kinh doanh là một chiến lược để vận hành công việc và tránh các rắc rối.,Business Planning,B1,https://audio.tflat.vn/data/cache/images/300x225/s/t/strategy1.jpg,,,
strong,/strɔɳ/,adj.,"Khỏe, mạnh, tốt, bền, kiên cố; đanh thép, kiên quyết; sôi nổi, nhiệt tình...",That boy is very strong.,Cậu bé đó là rất mạnh mẽ.,Business Planning,B1,https://audio.tflat.vn/data/cache/images/300x225/s/t/strong1.jpg,,,
substitution,"/,sʌbsti'tju:ʃn/",n.,"Sự đổi, sự thay thế",Your substitution of fake names for real ones makes the document seem insincere.,Việc anh lấy tên giả thay cho tên thật khiến cho tài liệu có vẻ như không thành thật.,Business Planning,B1,https://audio.tflat.vn/data/cache/images/300x225/s/u/substitution.jpg,,,
achievement,/ə'tʃi:vmənt/,n.,"Thành tích, thành tựu",He has gained a lot of achievements in the last year.,Anh ấy đã đạt được khá nhiều thành tích trong năm vừa qua.,"Promotions, Pensions & Award",B1,https://audio.tflat.vn/data/cache/images/300x225/a/c/achievement1.png,,,
contribute,/kən'tribju:t/,v.,Đóng góp,Do you contribute anything to this charity?,Bạn có đóng góp gì cho buổi từ thiện này không?,"Promotions, Pensions & Award",B1,https://audio.tflat.vn/data/cache/images/300x225/c/o/contribute1.jpg,,,
dedication,"/,dedi'keiʃn/",n.,"‹sự› cống hiến, hiến dâng, tận tâm, tận tụy",The director's dedication to a high-quality product has motivated many of his employees.,Sự cống hiến của giám đốc cho một sản phẩm chất lượng cao đã thúc đẩy nhiều nhân viên.,"Promotions, Pensions & Award",B1,https://audio.tflat.vn/data/cache/images/300x225/d/e/dedication1.jpg,,,
look forward to,,,"Mong đợi, mong chờ, trông mong",My mother look forward to seeing me after the war is over.,Mẹ tôi mong đợi được gặp tôi sau khi chiến tranh kết thúc. ,"Promotions, Pensions & Award",B1,https://audio.tflat.vn/data/cache/images/300x225/l/o/look_forward_to1.jpg,,,
look to,/lʊk tuː/,v.,"Tin vào, trông cậy vào, mong đợi ở (ai)",They look to their supervisor for guidance and direction.,Họ trông cậy vào người giám sát của họ về sự chỉ đạo và hướng dẫn.,"Promotions, Pensions & Award",B1,https://audio.tflat.vn/data/cache/images/300x225/l/o/look_to1.jpg,,,
loyal,/'lɔiəl/,adj.,"Trung thành, trung nghĩa, trung kiên","Even though your assistant is loyal, you have to question his job performance.","Dù là trợ lý của anh trung thành, anh vẫn phải đặt vấn đề về kết quả công việc của hắn.","Promotions, Pensions & Award",B1,https://audio.tflat.vn/data/cache/images/300x225/l/o/loyal1.png,,,
merit,/'merit/,n.,"Công lao, công trạng",Employees are evaluated on their merit and not on seniority.,Nhân viên được đánh giá theo công lao của họ và không theo thâm niên.,"Promotions, Pensions & Award",B1,https://audio.tflat.vn/data/cache/images/300x225/m/e/merit1.jpg,,,
obviously,/ˈɒbviəsli/,adv.,"‹một cách› rõ ràng, hiển nhiên (clearly, evidently)",Her tardiness was obviously resented by her coworkers.,Sự chậm chạp của cô ta rõ ràng là bị đồng nghiệp bực bội.,"Promotions, Pensions & Award",B1,https://audio.tflat.vn/data/cache/images/300x225/o/b/obviously1.jpg,,,
productive,/prəˈdʌktɪv/,adj.,"Có năng suất, hiệu quả ",The managers had a very productive meeting and were able to solve many of the problems.,Người trưởng phòng có một cuộc họp rất hiệu quả và đã có thể làm sáng tỏ nhiều vấn đề.,"Promotions, Pensions & Award",B1,https://audio.tflat.vn/data/cache/images/300x225/p/r/productive1.png,,,
promote,/prəˈməʊt/,v.,"Khuyến khích, đẩy mạnh, làm tăng thêm",The youth club in my neighbourhood works to promote awareness of the dangers that threaten our environment.,Câu lạc bộ thanh niên ở vùng tôi hoạt động để tăng thêm nhận thức về những nguy hiểm đe dọa môi trường của chúng ta.,"Promotions, Pensions & Award",B1,https://audio.tflat.vn/data/images_example/300x225/t/h/the_youth__ex1_56248d157f8b9a040dc65ef4.jpg,,,
recognition,"/,rekəg'niʃn/",n.,"Sự ghi nhận, sự công nhận",She received recognition for her work.,Cô ấy đã có được sự ghi nhận cho những việc cô ấy đã làm.,"Promotions, Pensions & Award",B1,https://audio.tflat.vn/data/cache/images/300x225/r/e/recognition1.jpg,,,
value,/'vælju:/,v.,"Đánh giá, định giá","The expert valued the text at $7,000.",Chuyên gia đã định giá nguyên bản/cuốn sách là 7 ngàn đô-la.,"Promotions, Pensions & Award",B1,https://audio.tflat.vn/data/cache/images/300x225/v/a/value1.jpg,,,
